method,gt_distance,n_pairs,mean_accuracy,mean_d_prime
Likert,1,10,0.8,5.715009813046056
Likert,2,8,0.875,13.058824653611941
Likert,3,6,1,26.349319426437688
Likert,4,4,1,56.372589551216606
Likert,5,2,1,57.5522470283873
Pairwise TIE,1,10,0.6540480375113974,NA
Pairwise TIE,2,8,0.7381487234724399,NA
Pairwise TIE,3,6,0.8409957627118644,NA
Pairwise TIE,4,4,0.9189841190713574,NA
Pairwise TIE,5,2,0.9495762711864406,NA
Pairwise forced,1,10,0.7039631352248673,NA
Pairwise forced,2,8,0.7977900775694893,NA
Pairwise forced,3,6,0.9146706705280983,NA
Pairwise forced,4,4,0.964390756302521,NA
Pairwise forced,5,2,0.9958333333333333,NA
