config,category_llm,n_battles,acc_all,n_battles_ab,acc_ab
single_likert,coding,939,0.44621938232161873,357,0.7086834733893558
single_pairwise,coding,1078,0.42115027829313545,563,0.7069271758436945
tee_likert,coding,1078,0.4489795918367347,351,0.7606837606837606
tee_pairwise,coding,1078,0.44063079777365494,482,0.7489626556016598
single_likert,creative_writing,967,0.40330920372285417,343,0.6676384839650146
single_pairwise,creative_writing,1062,0.4453860640301318,577,0.6915077989601387
tee_likert,creative_writing,1064,0.42387218045112784,278,0.762589928057554
tee_pairwise,creative_writing,1064,0.46146616541353386,475,0.7431578947368421
single_likert,factual_qa,1006,0.42445328031809143,336,0.6815476190476191
single_pairwise,factual_qa,1105,0.47420814479638007,597,0.7303182579564489
tee_likert,factual_qa,1106,0.40958408679927666,292,0.7328767123287672
tee_pairwise,factual_qa,1106,0.45298372513562385,493,0.7464503042596349
single_likert,persuasion,1280,0.36171875,327,0.617737003058104
single_pairwise,persuasion,1426,0.39340813464235624,749,0.6208277703604806
tee_likert,persuasion,1428,0.3907563025210084,250,0.736
tee_pairwise,persuasion,1428,0.4096638655462185,595,0.6521008403361345
