scenario,n_cats_d,n_items_d,n_prompts_d,n_reps_d,fix_temp,fix_judge,total_var,pct_of_baseline,reduction_pct,scoring
Baseline (avg temp & judge),5,150,5,3,FALSE,FALSE,8.967238645671467e-4,100,0,pairwise
Baseline (fix temp & judge),5,150,5,3,TRUE,TRUE,0.0013216046097497662,147.4,-47.4,pairwise
+5 replications,5,150,5,8,FALSE,FALSE,8.933079105532247e-4,99.6,0.4,pairwise
+2 prompt variants,5,150,7,3,FALSE,FALSE,7.936686636993572e-4,88.5,11.5,pairwise
Fix temperature,5,150,5,3,TRUE,FALSE,9.084646441371638e-4,101.3,-1.3,pairwise
Fix judge model,5,150,5,3,FALSE,TRUE,0.0012880017244906485,143.6,-43.6,pairwise
Fix temp & judge,5,150,5,3,TRUE,TRUE,0.0013216046097497662,147.4,-47.4,pairwise
+5 reps & fix temp & judge,5,150,5,8,TRUE,TRUE,0.0012908610236244684,144,-44,pairwise
Double items,5,300,5,3,FALSE,FALSE,6.173121866378497e-4,68.8,31.2,pairwise
Maximal: 2x items + 5 prompts + 10 reps + fix design,5,300,5,10,TRUE,TRUE,8.616233553795536e-4,96.1,3.9,pairwise
