tle_label,lpm_variance,lpm_contribution,lpm_pct,glmm_variance_logit,glmm_contribution,glmm_pct,lpm_rank,glmm_rank,rank_diff,dataset,glmm_note
judge model (design sensitivity),0.011252956445715239,0.0037509854819050797,68.42,0.7525879475998317,0.2508626491999439,50.85,1,1,0,pairwise,full model
position (design sensitivity),0.002289523647900182,0.001144761823950091,20.88,0.3225263501218279,0.16126317506091395,32.69,2,2,0,pairwise,full model
within-category item,0.06258029160926341,4.172019440617561e-4,7.61,10.150394956171327,0.06766929970780886,13.72,3,3,0,pairwise,full model
item x judge,0.04677672389217559,1.0394827531594576e-4,1.9,4.112670747892564,0.009139268328650143,1.85,4,4,0,pairwise,full model
prompt,1.132339677439078e-4,2.264679354878156e-5,0.41,0.00860284529261154,0.001720569058522308,0.35,5,5,0,pairwise,full model
item x prompt,0.012777587969144516,1.7036783958859354e-5,0.31,1.1299068437118402,0.0015065424582824537,0.31,6,6,0,pairwise,full model
between-category,0.0014770150932915322,9.846767288610214e-6,0.18,0.08571824779977666,5.714549853318444e-4,0.12,7,7,0,pairwise,full model
prompt x judge,1.0782690556208629e-4,7.188460370805753e-6,0.13,0.003045526474653386,2.0303509831022572e-4,0.04,8,8,0,pairwise,full model
replicate noise,0.09151452365656902,4.519235736126865e-6,0.08,3.289868133696453,1.6246262388624458e-4,0.03,9,9,0,pairwise,full model
cell-level (3-way+),0.022080342970163085,3.271161921505642e-6,0.06,0.8061729693249383,1.1943303249258346e-4,0.02,10,10,0,pairwise,full model
temperature (design sensitivity),3.627143149468181e-6,1.2090477164893937e-6,0.02,2.652016718619084e-4,8.84005572873028e-5,0.02,11,10,1,pairwise,full model
item x temperature,0,0,0,2.8000228043360737e-7,6.222272898524608e-10,0,12,12,0,pairwise,full model
prompt x temperature,2.1808034458942117e-16,1.4538689639294744e-17,0,3.349286004751506e-8,2.232857336501004e-9,0,12,12,0,pairwise,full model
