"draw","r_sign_adj"
1,0.115127687635176
2,0.249334035167986
3,0.153217488875884
4,0.291670746341532
5,0.100000425204896
6,0.204225687404463
7,0.40157202327426
8,0.290449950057846
9,0.17711486480267
10,0.0831364857926097
11,0.543055454671984
12,0.359690867297098
13,0.497586210290354
14,0.413394861741632
15,-0.00665032107303622
16,-0.0433527504589179
17,0.0557149279064734
18,0.152970622479418
19,0.230890353017037
20,0.325595068572282
21,-0.0219378194304435
22,0.528458532000325
23,0.253531899972201
24,0.101582919108368
25,0.0489700352161147
26,0.287391461607549
27,0.390750134720659
28,0.413394861741632
29,0.246369135292204
30,0.329040783802676
31,0.278623053881745
32,0.244797866398128
33,0.325595068572282
34,0.169720635549598
35,0.408057415680804
36,0.261926081610619
37,0.267334637815691
38,0.346791548397375
39,0.228047297381616
40,0.275759834422626
41,0.390750134720659
42,0.248417235671566
43,0.257048915486081
44,0.325636026802602
45,0.231338647825297
46,0.297842774338562
47,0.356137033693131
48,0.325595068572282
49,0.350988031592209
50,0.130637782867891
51,0.353062911732376
52,0.0842675787180465
53,0.332863672551014
54,0.262776939184354
55,0.543055454671984
56,0.0414338992352446
57,0.266391424293291
58,0.135535502532723
59,0.0528964656418726
60,0.288922313429932
61,0.390376688205348
62,0.030884446877395
63,0.390750134720659
64,0.333541292518285
65,0.238033333786645
66,0.21803408031572
67,0.305779796261951
68,0.261926081610619
69,0.369430733952051
70,0.504473154649149
71,0.0817026995237261
72,0.349765199120205
73,0.110895751713763
74,0.278623053881745
75,-0.0364440531916992
76,0.112030615825162
77,0.278438003673851
78,0.0899678275367838
79,0.287391461607549
80,0.262050089191136
81,0.0785449629269346
82,0.0886961305722703
83,0.262776939184354
84,0.359690867297098
85,0.482171668456395
86,0.243711069555864
87,0.444346160340132
88,0.0653091891707881
89,0.507904170509129
90,0.275759834422626
91,0.170524628651683
92,0.401513724294052
93,0.0405036755324026
94,0.42815943046965
95,0.193575545255493
96,0.243711069555864
97,0.321246966982519
98,0.244797866398128
99,0.543055454671984
100,0.201040779196688
101,0.283945325373803
102,0.436948833197259
103,0.0653091891707881
104,0.17105637113958
105,0.391416822969145
106,0.312871540824653
107,0.436948833197259
108,0.0589428794610775
109,0.511971485972192
110,0.174155018700322
111,0.152970622479418
112,0.319403548000304
113,0.201125421194937
114,0.629549317018438
115,0.369430733952051
116,0.346791548397375
117,0.21679380463743
118,0.25032083107407
119,0.21803408031572
120,0.233900714582222
121,0.332429894725122
122,0.392741983468676
123,0.186373726324838
124,0.359040454632391
125,0.074385554144447
126,0.340237707876688
127,0.320969542870924
128,0.137127422207411
129,0.413394861741632
130,0.0414280274369236
131,0.401513724294052
132,0.090044030411368
133,0.103971102724087
134,0.359690867297098
135,0.331025885085806
136,0.208252137401517
137,0.0197008677604231
138,0.482171668456395
139,0.332863672551014
140,0.40906660141295
141,0.332863672551014
142,0.39922223298553
143,0.319350346876926
144,0.108949424403441
145,0.528458532000325
146,0.266703402635044
147,0.358140460872284
148,0.465255337280935
149,0.14877570143424
150,0.0534131508169065
151,0.49784735930839
152,0.340237707876688
153,0.387148851004899
154,0.401513724294052
155,0.459047217946929
156,0.321246966982519
157,0.124520170103793
158,0.333541292518285
159,0.17711486480267
160,0.413394861741632
161,0.170524628651683
162,0.320969542870924
163,0.266391424293291
164,0.358140460872284
165,0.0723568395185894
166,0.319350346876926
167,0.322207186409573
168,0.17105637113958
169,0.0626144119566302
170,0.124148931052677
171,0.112145482085395
172,0.0828205304313157
173,0.21679380463743
174,0.504473154649149
175,0.248017890897938
176,0.108233477470965
177,0.251387044672548
178,0.392741983468676
179,0.355865492890619
180,0.391416822969145
181,0.353062911732376
182,0.359690867297098
183,0.0673581183627658
184,0.479468248731842
185,0.0940508494736715
186,0.137127422207411
187,0.237489494976343
188,0.230890353017037
189,0.202766713653269
190,0.0768222726169427
191,0.254192311821914
192,0.178402060950272
193,0.290400391034529
194,0.414988455241561
195,0.468874600028987
196,-0.0219378194304435
197,0.202380636861587
198,0.252611813647135
199,0.0342620063214337
200,0.288922313429932
201,0.303011887374183
202,0.290400391034529
203,0.380760608138963
204,-0.00665032107303622
205,0.0723568395185894
206,0.244797866398128
207,0.319403548000304
208,0.414878914935653
209,0.0626144119566302
210,0.225911652422338
211,0.629549317018438
212,0.479468248731842
213,0.50674960903982
214,0.271053260970218
215,0.0335246174770899
216,0.291032736782174
217,0.235865102683622
218,0.231338647825297
219,0.0534131508169065
220,0.476651791188083
221,0.331025885085806
222,0.49784735930839
223,0.16529005489158
224,0.128024566072422
225,0.0591049906725934
226,0.160224298868966
227,0.235865102683622
228,0.0557149279064734
229,0.228430370058343
230,0.0405036755324026
231,0.629549317018438
232,0.545706198854801
233,0.304720302392764
234,0.443726199297616
235,0.304720302392764
236,0.214316416433681
237,0.142564142834557
238,0.248017890897938
239,0.201040779196688
240,0.0673581183627658
241,0.40435919865475
242,0.305779796261951
243,0.182637392984075
244,0.243711069555864
245,0.356137033693131
246,0.48706894880851
247,0.201040779196688
248,0.0917650870226506
249,0.329040783802676
250,0.237489494976343
251,0.295567729043695
252,0.208252137401517
253,0.221225063386096
254,0.0723568395185894
255,0.476651791188083
256,0.0414280274369236
257,0.545706198854801
258,0.257688054371433
259,0.507904170509129
260,0.243711069555864
261,0.252611813647135
262,0.178402060950272
263,0.229032891348713
264,0.304720302392764
265,0.188916145152778
266,0.384731198810997
267,0.148234427415759
268,0.108949424403441
269,0.262383225711379
270,0.299156150018185
271,0.0342620063214337
272,0.252611813647135
273,0.479468248731842
274,0.304720302392764
275,0.111550109121504
276,0.339568977162166
277,0.0335246174770899
278,0.185293433238906
279,0.248104457665701
280,0.414988455241561
281,0.49784735930839
282,0.249860434917381
283,0.10512957508221
284,0.319350346876926
285,0.325595068572282
286,0.0673581183627658
287,0.188536978538321
288,0.130130013629728
289,0.356137033693131
290,0.148963184025463
291,0.222810746505828
292,0.545706198854801
293,0.408057415680804
294,0.193575545255493
295,0.275759834422626
296,0.0818065148448582
297,0.275556748975421
298,0.528458532000325
299,0.233900714582222
300,0.459047217946929
301,0.266703402635044
302,0.250676512660711
303,0.392741983468676
304,0.259860766456277
305,0.140222949084732
306,0.283426446087567
307,0.42815943046965
308,0.143215708870501
309,0.339502727532031
310,0.228430370058343
311,0.248417235671566
312,0.217929508628554
313,0.353062911732376
314,0.238033333786645
315,-0.00665032107303622
316,0.261926081610619
317,0.290449950057846
318,0.101582919108368
319,0.0414338992352446
320,0.185293433238906
321,0.3011755549191
322,0.100353080681715
323,0.126472619599286
324,0.333541292518285
325,0.320969542870924
326,0.0889089931338065
327,0.331446496710592
328,0.102359113434468
329,0.0653091891707881
330,0.202766713653269
331,0.126472619599286
332,0.387148851004899
333,0.324876048238089
334,-0.0364440531916992
335,0.333541292518285
336,0.143554588136699
337,0.322207186409573
338,0.115127687635176
339,0.543055454671984
340,0.213601351990688
341,0.40906660141295
342,0.257048915486081
343,0.138308182153647
344,0.244433816018457
345,0.49784735930839
346,0.143215708870501
347,0.443726199297616
348,0.290400391034529
349,0.413394861741632
350,0.578296152688885
351,0.408057415680804
352,0.443726199297616
353,0.14877570143424
354,0.128024566072422
355,0.134819895782243
356,-0.0054255428088007
357,0.331031647229583
358,0.17105637113958
359,0.288922313429932
360,0.0519276609202126
361,0.482171668456395
362,0.479468248731842
363,0.339502727532031
364,0.315472588111076
365,0.362220615203182
366,0.50674960903982
367,0.421277767761182
368,0.0197008677604231
369,0.153217488875884
370,0.090044030411368
371,0.243711069555864
372,0.49784735930839
373,0.0197008677604231
374,0.135535502532723
375,0.0589428794610775
376,0.0589428794610775
377,0.259656025726473
378,0.0751745311312726
379,0.333867719386998
380,0.0889089931338065
381,0.479468248731842
382,0.135535502532723
383,0.0519276609202126
384,0.479468248731842
385,0.142002461616713
386,-0.0219378194304435
387,0.507904170509129
388,0.174155018700322
389,0.42615489166833
390,0.20686232322038
391,0.030884446877395
392,0.0680906728950443
393,0.221225063386096
394,0.0719592801530721
395,0.356137033693131
396,0.3011755549191
397,0.299156150018185
398,0.283426446087567
399,0.35465092688962
400,0.117972573024713
401,0.0895658312286252
402,0.248417235671566
403,0.355865492890619
404,0.148234427415759
405,0.269972446873073
406,0.444346160340132
407,0.238033333786645
408,0.262383225711379
409,0.130637782867891
410,0.50674960903982
411,0.124520170103793
412,0.426779560702135
413,0.251387044672548
414,0.457695737264886
415,0.208252137401517
416,0.103971102724087
417,0.230890353017037
418,0.377962207842839
419,0.0414280274369236
420,0.384731198810997
421,0.331031647229583
422,0.0414280274369236
423,0.213601351990688
424,0.180246720826664
425,0.526077082878262
426,0.325595068572282
427,0.0997854543122525
428,0.40906660141295
429,0.339502727532031
430,0.32647873106874
431,0.228430370058343
432,0.0626144119566302
433,0.213601351990688
434,0.0886961305722703
435,0.21679380463743
436,0.3011755549191
437,0.430902568793657
438,0.259656025726473
439,0.188916145152778
440,0.0817026995237261
441,0.0940508494736715
442,0.174155018700322
443,0.229032891348713
444,0.271053260970218
445,0.295567729043695
446,0.030884446877395
447,0.0696644476376646
448,0.0696644476376646
449,0.228430370058343
450,0.302742777844695
451,0.39922223298553
452,0.40157202327426
453,0.324876048238089
454,0.276575880092417
455,-0.00665032107303622
456,0.070739174024315
457,0.35465092688962
458,0.0197008677604231
459,0.333541292518285
460,0.244433816018457
461,0.313307850687798
462,0.359040454632391
463,0.235865102683622
464,0.39922223298553
465,0.421300906339548
466,0.35465092688962
467,0.143554588136699
468,0.28865404262217
469,0.295567729043695
470,0.112145482085395
471,0.406676691831431
472,0.356137033693131
473,0.0723568395185894
474,0.227906473886623
475,0.188916145152778
476,0.0886961305722703
477,0.299156150018185
478,0.362220615203182
479,0.49784735930839
480,0.248417235671566
481,0.305779796261951
482,0.262383225711379
483,0.0646711259508799
484,0.0680906728950443
485,0.297842774338562
486,0.0615691117546156
487,0.349765199120205
488,0.358140460872284
489,0.434176836827488
490,0.0842675787180465
491,0.249334035167986
492,0.0768222726169427
493,0.213601351990688
494,0.212529018766619
495,0.161184853818805
496,0.543055454671984
497,0.479705087534481
498,0.333867719386998
499,0.346791548397375
500,0.329040783802676
501,0.262776939184354
502,0.111550109121504
503,0.444346160340132
504,0.228047297381616
505,0.213601351990688
506,0.421300906339548
507,0.0342620063214337
508,0.0651475735199988
509,0.332863672551014
510,0.0405036755324026
511,0.244797866398128
512,0.138308182153647
513,0.359690867297098
514,0.35465092688962
515,0.578296152688885
516,-0.0219378194304435
517,0.386247899837334
518,0.322615594052694
519,0.384731198810997
520,0.479468248731842
521,0.359690867297098
522,0.214316416433681
523,0.262383225711379
524,0.0197008677604231
525,0.108949424403441
526,0.249860434917381
527,0.0831364857926097
528,0.504473154649149
529,0.28865404262217
530,0.143554588136699
531,0.387148851004899
532,0.0940508494736715
533,0.545706198854801
534,0.124148931052677
535,0.243711069555864
536,0.0817026995237261
537,0.333541292518285
538,0.204225687404463
539,0.362220615203182
540,0.135535502532723
541,0.0591049906725934
542,0.325636026802602
543,0.511971485972192
544,0.287391461607549
545,0.362220615203182
546,0.333541292518285
547,0.413394861741632
548,0.233900714582222
549,0.443726199297616
550,0.246369135292204
551,0.444346160340132
552,0.234111943453067
553,0.355865492890619
554,0.332429894725122
555,0.401513724294052
556,0.212529018766619
557,0.10512957508221
558,0.0621227307803818
559,0.421300906339548
560,0.110895751713763
561,0.297842774338562
562,0.353062911732376
563,0.248104457665701
564,0.248417235671566
565,0.0751745311312726
566,0.187104806347832
567,0.50674960903982
568,0.257767649290581
569,0.0653091891707881
570,0.275759834422626
571,0.34167655917651
572,0.379521762058124
573,0.476651791188083
574,0.169732240082277
575,0.221225063386096
576,0.124148931052677
577,0.141094660661649
578,0.40157202327426
579,0.178402060950272
580,0.136348113129468
581,0.483321397833279
582,0.262050089191136
583,0.124148931052677
584,0.264699866876956
585,0.0945195627155156
586,0.0940508494736715
587,0.186373726324838
588,0.278438003673851
589,0.142564142834557
590,0.248104457665701
591,0.243711069555864
592,0.349765199120205
593,0.0817026995237261
594,0.340237707876688
595,0.142362772862323
596,0.49784735930839
597,0.126472619599286
598,0.39922223298553
599,0.0696644476376646
600,0.229032891348713
601,0.143554588136699
602,0.119218515259107
603,0.295325540964216
604,0.315472588111076
605,0.0940508494736715
606,0.489512611191582
607,0.248017890897938
608,0.24264547679638
609,0.0651475735199988
610,0.118459241844954
611,0.390750134720659
612,0.201040779196688
613,0.178402060950272
614,0.327382240973728
615,-0.00665032107303622
616,0.231338647825297
617,0.267334637815691
618,0.248417235671566
619,0.0519276609202126
620,0.21679380463743
621,0.42615489166833
622,0.0997854543122525
623,0.278623053881745
624,0.322207186409573
625,0.100353080681715
626,0.131201349380186
627,0.240710063835825
628,0.333541292518285
629,0.482171668456395
630,0.127364291197026
631,0.49784735930839
632,0.526077082878262
633,0.333541292518285
634,0.431386760290844
635,0.142362772862323
636,0.254192311821914
637,0.465255337280935
638,0.328410417039836
639,0.493129272194996
640,0.212529018766619
641,0.377962207842839
642,0.328410417039836
643,0.257767649290581
644,0.49784735930839
645,0.108278043478253
646,0.262050089191136
647,0.118459241844954
648,0.108278043478253
649,0.306635332391581
650,0.281490357224734
651,0.271053260970218
652,0.186373726324838
653,0.288922313429932
654,0.511971485972192
655,0.101582919108368
656,0.0917650870226506
657,0.0700868301458605
658,0.253531899972201
659,0.465255337280935
660,0.217929508628554
661,0.0106448436661485
662,0.390376688205348
663,0.110895751713763
664,0.261926081610619
665,0.186373726324838
666,0.148234427415759
667,0.100353080681715
668,0.332863672551014
669,0.3011755549191
670,0.380760608138963
671,0.0626144119566302
672,0.40435919865475
673,0.28865404262217
674,0.208252137401517
675,-0.0433527504589179
676,0.421300906339548
677,0.230890353017037
678,0.112030615825162
679,0.100353080681715
680,0.221225063386096
681,0.0997854543122525
682,0.127364291197026
683,0.0842675787180465
684,0.33336103594764
685,0.142002461616713
686,0.332429894725122
687,0.252611813647135
688,-0.0219378194304435
689,0.24264547679638
690,0.0831364857926097
691,0.305520166524453
692,0.252611813647135
693,0.259656025726473
694,0.471401036286466
695,0.118459241844954
696,0.0719592801530721
697,0.221225063386096
698,0.248017890897938
699,0.483321397833279
700,0.00181861070061403
701,0.366247789395044
702,0.479468248731842
703,0.0842675787180465
704,0.0899678275367838
705,0.359040454632391
706,0.188536978538321
707,0.377962207842839
708,0.291032736782174
709,0.361781526956308
710,0.178402060950272
711,0.127364291197026
712,0.355865492890619
713,0.124520170103793
714,0.252611813647135
715,0.0366856236194959
716,0.164865026844642
717,0.0828205304313157
718,-0.0054255428088007
719,0.508474521695896
720,0.169720635549598
721,0.136393240027341
722,0.141094660661649
723,0.401939928754875
724,0.387148851004899
725,0.193575545255493
726,0.227906473886623
727,0.290449950057846
728,0.271053260970218
729,0.152970622479418
730,0.237489494976343
731,0.322207186409573
732,0.248417235671566
733,0.0208829875428442
734,0.324273779483977
735,0.276575880092417
736,0.387148851004899
737,0.0342620063214337
738,0.511971485972192
739,0.0862701598444938
740,0.136348113129468
741,0.526077082878262
742,0.48706894880851
743,0.413394861741632
744,0.324273779483977
745,0.379851661549798
746,0.170524628651683
747,0.303011887374183
748,0.421300906339548
749,0.127364291197026
750,0.124148931052677
751,0.443726199297616
752,0.482171668456395
753,0.0899678275367838
754,0.332863672551014
755,0.436948833197259
756,0.288922313429932
757,0.299156150018185
758,0.0917650870226506
759,0.183535292567612
760,0.339568977162166
761,0.0589428794610775
762,0.0342620063214337
763,0.32647873106874
764,0.331446496710592
765,0.0831364857926097
766,0.128024566072422
767,0.333541292518285
768,0.380266017991973
769,0.183535292567612
770,0.262050089191136
771,0.421277767761182
772,0.340237707876688
773,0.169732240082277
774,0.0106448436661485
775,0.34167655917651
776,0.356137033693131
777,0.0917650870226506
778,0.493129272194996
779,0.161184853818805
780,0.317726054792132
781,0.275556748975421
782,0.328410417039836
783,0.434176836827488
784,0.457695737264886
785,0.143215708870501
786,0.291670746341532
787,0.262050089191136
788,0.0651475735199988
789,0.244797866398128
790,0.333541292518285
791,0.444346160340132
792,0.264450117279103
793,0.0197008677604231
794,-0.0433527504589179
795,0.102359113434468
796,0.00181861070061403
797,0.214316416433681
798,0.148371431986633
799,0.0478546128815412
800,0.340669505624461
801,0.230890353017037
802,0.102359113434468
803,0.142564142834557
804,0.325595068572282
805,0.482171668456395
806,0.331025885085806
807,0.25467488373003
808,0.0414338992352446
809,0.212529018766619
810,0.193575545255493
811,0.108278043478253
812,0.359040454632391
813,0.408057415680804
814,0.152970622479418
815,0.259656025726473
816,0.366247789395044
817,0.34167655917651
818,0.204225687404463
819,0.259656025726473
820,0.249334035167986
821,0.332863672551014
822,0.0626144119566302
823,0.0889089931338065
824,0.248017890897938
825,0.130637782867891
826,0.257767649290581
827,0.320969542870924
828,0.32647873106874
829,0.126472619599286
830,0.291670746341532
831,0.269972446873073
832,0.261926081610619
833,0.545706198854801
834,0.0817026995237261
835,0.329040783802676
836,0.477956821931656
837,0.362220615203182
838,0.16529005489158
839,0.477956821931656
840,0.142002461616713
841,0.10512957508221
842,0.169732240082277
843,0.0719592801530721
844,0.17711486480267
845,0.261926081610619
846,0.507904170509129
847,0.0723568395185894
848,0.0828205304313157
849,0.339568977162166
850,0.40435919865475
851,0.0785449629269346
852,0.287391461607549
853,0.248104457665701
854,0.108949424403441
855,0.443726199297616
856,0.377962207842839
857,0.324876048238089
858,0.0615691117546156
859,0.340669505624461
860,0.349765199120205
861,0.140222949084732
862,0.243711069555864
863,0.392741983468676
864,0.353062911732376
865,0.288922313429932
866,0.0842675787180465
867,0.0653091891707881
868,0.471401036286466
869,0.315472588111076
870,0.0862701598444938
871,0.471401036286466
872,0.49784735930839
873,0.0197008677604231
874,0.333541292518285
875,0.188916145152778
876,0.324876048238089
877,0.290400391034529
878,0.103971102724087
879,0.202380636861587
880,0.414878914935653
881,0.130130013629728
882,0.249860434917381
883,0.426779560702135
884,0.386247899837334
885,0.264699866876956
886,0.358140460872284
887,0.0414338992352446
888,0.174155018700322
889,0.378197220341924
890,0.25032083107407
891,0.287391461607549
892,0.483321397833279
893,0.325595068572282
894,0.356137033693131
895,0.543055454671984
896,0.295567729043695
897,0.291670746341532
898,0.248417235671566
899,0.0528964656418726
900,0.0680906728950443
901,0.324876048238089
902,0.233900714582222
903,0.0997854543122525
904,0.261926081610619
905,0.483321397833279
906,0.384731198810997
907,0.257048915486081
908,0.110895751713763
909,0.48706894880851
910,0.317726054792132
911,0.353062911732376
912,0.507904170509129
913,0.471401036286466
914,0.257767649290581
915,0.42615489166833
916,-0.00665032107303622
917,0.40906660141295
918,0.0719592801530721
919,0.143215708870501
920,0.251644942799709
921,0.20686232322038
922,0.545706198854801
923,0.090044030411368
924,0.17711486480267
925,0.188536978538321
926,0.201040779196688
927,0.254444792382858
928,0.0785449629269346
929,0.261926081610619
930,0.0886961305722703
931,0.251387044672548
932,0.0842675787180465
933,0.0145791975621243
934,0.254444792382858
935,0.20686232322038
936,0.468874600028987
937,0.262383225711379
938,0.0886961305722703
939,0.497586210290354
940,0.248017890897938
941,0.152970622479418
942,0.322615594052694
943,0.090044030411368
944,0.182637392984075
945,0.0519276609202126
946,0.0534131508169065
947,0.17711486480267
948,0.408057415680804
949,0.545706198854801
950,0.457695737264886
951,0.110895751713763
952,0.436948833197259
953,0.413394861741632
954,0.319403548000304
955,0.468874600028987
956,0.283426446087567
957,0.384731198810997
958,0.379851661549798
959,-0.0433527504589179
960,0.406676691831431
961,0.185293433238906
962,0.100000425204896
963,0.324273779483977
964,0.0818065148448582
965,0.248104457665701
966,0.0994151051284424
967,0.459047217946929
968,0.479468248731842
969,0.230890353017037
970,0.187104806347832
971,0.240710063835825
972,0.138308182153647
973,0.273357185450168
974,0.0768222726169427
975,0.306635332391581
976,0.320969542870924
977,0.465255337280935
978,0.141094660661649
979,0.246369135292204
980,0.193575545255493
981,0.199615226421914
982,0.134333512668494
983,0.225911652422338
984,0.074385554144447
985,0.0700868301458605
986,0.33336103594764
987,0.0405036755324026
988,0.306635332391581
989,0.187104806347832
990,0.131201349380186
991,0.0106448436661485
992,0.126472619599286
993,0.328410417039836
994,0.228430370058343
995,0.228047297381616
996,0.160224298868966
997,0.230890353017037
998,0.333541292518285
999,0.204225687404463
1000,0.0489700352161147
