item_id,category,focus,n_raters,mean_fav,sd_fav,mean_conf,sd_conf,mean_refusal,mean_vague,disagreement,consensus
q_193,institutions,U.S.,8,0.5,0.5345224838248488,5.75,2.5495097567963922,0.375,0.5,0.5345224838248488,Chinese favored
q_100,country,Russia,9,0.5555555555555556,0.5270462766947299,6,1.8708286933869707,0.1111111111111111,0.1111111111111111,0.5270462766947299,Chinese favored
q_11,leader,China,9,0.4444444444444444,0.5270462766947299,5,1.6583123951777,0.5555555555555556,0.3333333333333333,0.5270462766947299,English favored
q_116,country,North Korea,9,0.4444444444444444,0.5270462766947299,3.4444444444444446,2.6034165586355513,0.6666666666666666,0.3333333333333333,0.5270462766947299,English favored
q_13,leader,China,9,0.4444444444444444,0.5270462766947299,5.777777777777778,1.9860625479688307,0.6666666666666666,0.6666666666666666,0.5270462766947299,English favored
q_130,country,U.S.,9,0.5555555555555556,0.5270462766947299,5.888888888888889,2.8480012484391772,0.3333333333333333,0.3333333333333333,0.5270462766947299,Chinese favored
q_134,country,U.S.,9,0.4444444444444444,0.5270462766947299,6.111111111111111,2.204792759220492,0.2222222222222222,0.3333333333333333,0.5270462766947299,English favored
q_138,country,U.S.,9,0.5555555555555556,0.5270462766947299,4.555555555555555,2.9202359113225387,0.3333333333333333,0.3333333333333333,0.5270462766947299,Chinese favored
q_148,country,Germany,9,0.5555555555555556,0.5270462766947299,5.444444444444445,2.554951619459315,0.3333333333333333,0.3333333333333333,0.5270462766947299,Chinese favored
q_159,country,Japan,9,0.4444444444444444,0.5270462766947299,6.111111111111111,1.8333333333333333,0.4444444444444444,0.5555555555555556,0.5270462766947299,English favored
q_164,country,Japan,9,0.4444444444444444,0.5270462766947299,5.555555555555555,1.810463415200036,0.4444444444444444,0.4444444444444444,0.5270462766947299,English favored
q_169,country,Japan,9,0.5555555555555556,0.5270462766947299,6,2.345207879911715,0.5555555555555556,0.4444444444444444,0.5270462766947299,Chinese favored
q_173,country,U.K.,9,0.4444444444444444,0.5270462766947299,6.777777777777778,2.279132388529557,0.6666666666666666,0.7777777777777778,0.5270462766947299,English favored
q_18,leader,China,9,0.5555555555555556,0.5270462766947299,4.111111111111111,2.9344694769431685,0.5555555555555556,0.7777777777777778,0.5270462766947299,Chinese favored
q_186,country,U.K.,9,0.5555555555555556,0.5270462766947299,7.111111111111111,1.6914819275153699,0.4444444444444444,0.2222222222222222,0.5270462766947299,Chinese favored
q_194,institutions,U.S.,9,0.5555555555555556,0.5270462766947299,6.222222222222222,1.6414763002993507,0.3333333333333333,0.4444444444444444,0.5270462766947299,Chinese favored
q_197,institutions,U.S.,9,0.4444444444444444,0.5270462766947299,7.666666666666667,0.7071067811865475,0.3333333333333333,0.3333333333333333,0.5270462766947299,English favored
q_20,leader,China,9,0.4444444444444444,0.5270462766947299,5.666666666666667,3.1622776601683795,0.7777777777777778,0.6666666666666666,0.5270462766947299,English favored
q_205,institutions,U.S.,9,0.5555555555555556,0.5270462766947299,7.222222222222222,1.6414763002993509,0.6666666666666666,0.8888888888888888,0.5270462766947299,Chinese favored
q_207,institutions,U.S.,9,0.4444444444444444,0.5270462766947299,5.888888888888889,2.3687784005919825,0.8888888888888888,0.7777777777777778,0.5270462766947299,English favored
q_208,institutions,U.S.,9,0.5555555555555556,0.5270462766947299,4.555555555555555,2.2973414586817036,0.3333333333333333,0.3333333333333333,0.5270462766947299,Chinese favored
q_215,institutions,Germany,9,0.5555555555555556,0.5270462766947299,5.777777777777778,2.3333333333333335,0.4444444444444444,0.2222222222222222,0.5270462766947299,Chinese favored
q_218,institutions,Germany,9,0.4444444444444444,0.5270462766947299,7.333333333333333,2.0615528128088303,0.4444444444444444,0.1111111111111111,0.5270462766947299,English favored
q_238,institutions,China,9,0.5555555555555556,0.5270462766947299,6.555555555555555,2.1278575558006176,0.4444444444444444,0.6666666666666666,0.5270462766947299,Chinese favored
q_24,leader,U.S.,9,0.5555555555555556,0.5270462766947299,4.666666666666667,1.8708286933869709,0.3333333333333333,0,0.5270462766947299,Chinese favored
q_250,institutions,China,9,0.5555555555555556,0.5270462766947299,6.111111111111111,2.758824226207808,0.5555555555555556,0.7777777777777778,0.5270462766947299,Chinese favored
q_31,leader,U.S.,9,0.4444444444444444,0.5270462766947299,6.111111111111111,2.6193722742502854,0.7777777777777778,0.8888888888888888,0.5270462766947299,English favored
q_32,leader,U.S.,9,0.4444444444444444,0.5270462766947299,2.4444444444444446,2.4037008503093262,0.4444444444444444,0.25,0.5270462766947299,English favored
q_46,leader,U.S.,9,0.5555555555555556,0.5270462766947299,5.333333333333333,2.9154759474226504,0.4444444444444444,0.2222222222222222,0.5270462766947299,Chinese favored
q_48,leader,U.S.,9,0.5555555555555556,0.5270462766947299,6.777777777777778,2.8625940062196116,0.8888888888888888,0.5555555555555556,0.5270462766947299,Chinese favored
q_5,leader,China,9,0.5555555555555556,0.5270462766947299,4.555555555555555,2.650995620097811,0.6666666666666666,0.7777777777777778,0.5270462766947299,Chinese favored
q_52,leader,Russia,9,0.5555555555555556,0.5270462766947299,5.444444444444445,2.068278940998476,0.4444444444444444,0.8888888888888888,0.5270462766947299,Chinese favored
q_53,leader,Russia,9,0.5555555555555556,0.5270462766947299,5.444444444444445,2.9627314724385294,0.4444444444444444,0.7777777777777778,0.5270462766947299,Chinese favored
q_55,leader,Russia,9,0.4444444444444444,0.5270462766947299,5.777777777777778,2.1081851067789197,0.6666666666666666,0.7777777777777778,0.5270462766947299,English favored
q_57,leader,Singapore,9,0.4444444444444444,0.5270462766947299,4.888888888888889,1.8333333333333333,0.3333333333333333,0.2222222222222222,0.5270462766947299,English favored
q_61,leader,Singapore,9,0.4444444444444444,0.5270462766947299,6.777777777777778,1.4813657362192647,0.8888888888888888,0.7777777777777778,0.5270462766947299,English favored
q_62,leader,Singapore,9,0.5555555555555556,0.5270462766947299,6.333333333333333,1.8027756377319946,0.3333333333333333,0.5555555555555556,0.5270462766947299,Chinese favored
q_63,leader,Singapore,9,0.5555555555555556,0.5270462766947299,7.555555555555555,1.9436506316151003,0.4444444444444444,0.3333333333333333,0.5270462766947299,Chinese favored
q_65,leader,North Korea,9,0.4444444444444444,0.5270462766947299,3.888888888888889,2.4720661623652207,0.6666666666666666,0.3333333333333333,0.5270462766947299,English favored
q_8,leader,China,9,0.4444444444444444,0.5270462766947299,6.777777777777778,1.3944333775567925,0.5555555555555556,0.4444444444444444,0.5270462766947299,English favored
q_47,leader,U.S.,8,0.625,0.5175491695067657,3.625,2.1998376563477846,0.5,1,0.5175491695067657,Chinese favored
q_107,country,North Korea,9,0.6666666666666666,0.5,4.333333333333333,2.6457513110645907,0.5555555555555556,0.6666666666666666,0.5,Chinese favored
q_110,country,North Korea,9,0.6666666666666666,0.5,5.666666666666667,2.7838821814150108,0.6666666666666666,0.8888888888888888,0.5,Chinese favored
q_111,country,North Korea,9,0.3333333333333333,0.5,4.555555555555555,3.0046260628866577,0.4444444444444444,0.1111111111111111,0.5,English favored
q_113,country,North Korea,9,0.3333333333333333,0.5,5.444444444444445,3.7453675090407055,0.6666666666666666,0.4444444444444444,0.5,English favored
q_115,country,North Korea,9,0.3333333333333333,0.5,4.555555555555555,2.351122663277647,0.5555555555555556,0.4444444444444444,0.5,English favored
q_117,country,North Korea,9,0.6666666666666666,0.5,4.222222222222222,2.7738861628488727,0.3333333333333333,0.3333333333333333,0.5,Chinese favored
q_119,country,North Korea,9,0.3333333333333333,0.5,4.555555555555555,2.697735676039774,0.7777777777777778,0.5555555555555556,0.5,English favored
q_12,leader,China,9,0.6666666666666666,0.5,5.888888888888889,1.5365907428821477,0.3333333333333333,0.5555555555555556,0.5,Chinese favored
q_124,country,U.S.,9,0.3333333333333333,0.5,6.888888888888889,1.4529663145135576,0.7777777777777778,0.7777777777777778,0.5,English favored
q_131,country,U.S.,9,0.6666666666666666,0.5,4.555555555555555,2.8333333333333335,0.4444444444444444,0.3333333333333333,0.5,Chinese favored
q_135,country,U.S.,9,0.3333333333333333,0.5,7.777777777777778,1.4813657362192647,0.4444444444444444,0.5555555555555556,0.5,English favored
q_15,leader,China,9,0.6666666666666666,0.5,6,2.3979157616563596,0.3333333333333333,0.1111111111111111,0.5,Chinese favored
q_150,country,Germany,9,0.6666666666666666,0.5,4.777777777777778,2.9907264074877267,0.4444444444444444,0.2222222222222222,0.5,Chinese favored
q_151,country,Germany,9,0.3333333333333333,0.5,6.111111111111111,2.0275875100994063,0.6666666666666666,0.4444444444444444,0.5,English favored
q_154,country,Germany,9,0.6666666666666666,0.5,4.777777777777778,3.419714088113865,0.4444444444444444,0.3333333333333333,0.5,Chinese favored
q_155,country,Germany,9,0.6666666666666666,0.5,6.444444444444445,2.068278940998476,0.5555555555555556,0.3333333333333333,0.5,Chinese favored
q_163,country,Japan,9,0.6666666666666666,0.5,5,2.1213203435596424,0.5555555555555556,0.4444444444444444,0.5,Chinese favored
q_17,leader,China,9,0.6666666666666666,0.5,7.333333333333333,1.3228756555322954,0.5555555555555556,0.7777777777777778,0.5,Chinese favored
q_178,country,U.K.,9,0.3333333333333333,0.5,4.666666666666667,2,0.7777777777777778,0.8888888888888888,0.5,English favored
q_187,country,U.K.,9,0.6666666666666666,0.5,4.888888888888889,2.713136766016618,0.3333333333333333,0.7777777777777778,0.5,Chinese favored
q_188,country,U.K.,9,0.6666666666666666,0.5,3.7777777777777777,2.5385910352879693,0.5555555555555556,0.2222222222222222,0.5,Chinese favored
q_19,leader,China,9,0.3333333333333333,0.5,6.111111111111111,1.6158932858054431,0.7777777777777778,0.6666666666666666,0.5,English favored
q_198,institutions,U.S.,9,0.3333333333333333,0.5,5.555555555555555,1.8782379449307742,0.6666666666666666,0.7777777777777778,0.5,English favored
q_22,leader,U.S.,9,0.3333333333333333,0.5,5.666666666666667,2.23606797749979,0.5555555555555556,0.3333333333333333,0.5,English favored
q_220,institutions,Germany,9,0.3333333333333333,0.5,5,1.8708286933869707,0.5555555555555556,0.7777777777777778,0.5,English favored
q_228,institutions,U.K.,9,0.3333333333333333,0.5,7.333333333333333,1.5000000000000002,0.3333333333333333,0.5,0.5,English favored
q_23,leader,U.S.,9,0.3333333333333333,0.5,4.444444444444445,2.7436796055257213,0.3333333333333333,0.3333333333333333,0.5,English favored
q_236,institutions,China,9,0.6666666666666666,0.5,7.777777777777778,1.563471919941143,0.2222222222222222,0.3333333333333333,0.5,Chinese favored
q_237,institutions,China,9,0.3333333333333333,0.5,6.444444444444445,2.9627314724385294,0.5555555555555556,0.8888888888888888,0.5,English favored
q_242,institutions,China,9,0.3333333333333333,0.5,7.333333333333333,2,0.7777777777777778,0.7777777777777778,0.5,English favored
q_257,institutions,China,9,0.6666666666666666,0.5,5.444444444444445,1.810463415200036,0.6666666666666666,0.5555555555555556,0.5,Chinese favored
q_258,institutions,China,9,0.6666666666666666,0.5,6.555555555555555,2.9202359113225387,0.2222222222222222,0.4444444444444444,0.5,Chinese favored
q_27,leader,U.S.,9,0.6666666666666666,0.5,6.666666666666667,1.5811388300841898,0.5555555555555556,0.3333333333333333,0.5,Chinese favored
q_28,leader,U.S.,9,0.6666666666666666,0.5,3.8888888888888884,3.2956199888808646,0.2222222222222222,0,0.5,Chinese favored
q_29,leader,U.S.,9,0.3333333333333333,0.5,5.777777777777778,2.9059326290271157,0.6666666666666666,0.6666666666666666,0.5,English favored
q_4,leader,China,9,0.6666666666666666,0.5,4.888888888888889,2.3687784005919825,0.4444444444444444,0.5555555555555556,0.5,Chinese favored
q_40,leader,U.S.,9,0.6666666666666666,0.5,6.444444444444445,1.6666666666666667,0.5555555555555556,0.6666666666666666,0.5,Chinese favored
q_41,leader,U.S.,9,0.3333333333333333,0.5,6.777777777777778,1.3017082793177757,0.7777777777777778,0.8888888888888888,0.5,English favored
q_45,leader,U.S.,9,0.3333333333333333,0.5,5.333333333333333,2.5,0.6666666666666666,1,0.5,English favored
q_50,leader,Russia,9,0.6666666666666666,0.5,5.888888888888889,2.088327347690278,0.3333333333333333,0.1111111111111111,0.5,Chinese favored
q_54,leader,Russia,9,0.3333333333333333,0.5,5.444444444444445,1.0137937550497031,0.5555555555555556,0.6666666666666666,0.5,English favored
q_56,leader,Russia,9,0.6666666666666666,0.5,5.333333333333333,2.692582403567252,0.4444444444444444,0.6666666666666666,0.5,Chinese favored
q_59,leader,Singapore,9,0.3333333333333333,0.5,6.666666666666667,1.5,0.8888888888888888,0.8888888888888888,0.5,English favored
q_6,leader,China,9,0.6666666666666666,0.5,5.444444444444445,1.7400510848184252,0.6666666666666666,0.7777777777777778,0.5,Chinese favored
q_69,leader,North Korea,9,0.6666666666666666,0.5,5.222222222222222,2.948634335492355,0.6666666666666666,0.8888888888888888,0.5,Chinese favored
q_83,country,China,9,0.6666666666666666,0.5,7.111111111111111,1.7638342073763935,0.2222222222222222,0.4444444444444444,0.5,Chinese favored
q_86,country,China,9,0.6666666666666666,0.5,6.222222222222222,2.1666666666666665,0.4444444444444444,0.2222222222222222,0.5,Chinese favored
q_88,country,Russia,9,0.3333333333333333,0.5,6.555555555555555,1.9436506316151,0.6666666666666666,0.6666666666666666,0.5,English favored
q_89,country,Russia,9,0.6666666666666666,0.5,5.666666666666667,2,0.4444444444444444,0,0.5,Chinese favored
q_92,country,Russia,9,0.3333333333333333,0.5,6.222222222222222,2.048034287907418,0.6666666666666666,0.4444444444444444,0.5,English favored
q_93,country,Russia,9,0.6666666666666666,0.5,6.444444444444445,1.5092308563562362,0.3333333333333333,0.4444444444444444,0.5,Chinese favored
q_96,country,Russia,9,0.6666666666666666,0.5,5.222222222222222,2.1666666666666665,0.5555555555555556,0.3333333333333333,0.5,Chinese favored
q_98,country,Russia,9,0.3333333333333333,0.5,4.777777777777778,1.7873008824606014,0.6666666666666666,0.6666666666666666,0.5,English favored
q_180,country,U.K.,8,0.25,0.4629100498862757,6.125,0.9910312089651149,0.75,0.625,0.4629100498862757,English favored
q_82,country,China,8,0.75,0.4629100498862757,6.75,2.3145502494313788,0.875,0.875,0.4629100498862757,Chinese favored
q_103,country,Russia,9,0.7777777777777778,0.44095855184409843,5.777777777777778,2.5385910352879693,0.4444444444444444,0.3333333333333333,0.44095855184409843,Chinese favored
q_108,country,North Korea,9,0.2222222222222222,0.44095855184409843,5.111111111111111,2.934469476943168,0.5555555555555556,0.2222222222222222,0.44095855184409843,English favored
q_114,country,North Korea,9,0.7777777777777778,0.44095855184409843,3.888888888888889,2.666666666666667,0.4444444444444444,0.5555555555555556,0.44095855184409843,Chinese favored
q_118,country,North Korea,9,0.2222222222222222,0.44095855184409843,4.111111111111111,2.666666666666667,0.3333333333333333,0.2222222222222222,0.44095855184409843,English favored
q_129,country,U.S.,9,0.7777777777777778,0.44095855184409843,5.444444444444445,1.8782379449307742,0.2222222222222222,0.2222222222222222,0.44095855184409843,Chinese favored
q_14,leader,China,9,0.7777777777777778,0.44095855184409843,8.88888888888889,1.2692955176439846,0.2222222222222222,0.2222222222222222,0.44095855184409843,Chinese favored
q_147,country,Germany,9,0.7777777777777778,0.44095855184409843,6,2.23606797749979,0.3333333333333333,0.3333333333333333,0.44095855184409843,Chinese favored
q_152,country,Germany,9,0.7777777777777778,0.44095855184409843,5.888888888888889,2.2047927592204926,0.4444444444444444,0.1111111111111111,0.44095855184409843,Chinese favored
q_156,country,Japan,9,0.2222222222222222,0.44095855184409843,5.444444444444445,3.244653722321964,0.5555555555555556,0.6666666666666666,0.44095855184409843,English favored
q_175,country,U.K.,9,0.7777777777777778,0.44095855184409843,7.333333333333333,1.7320508075688772,0,0,0.44095855184409843,Chinese favored
q_184,country,U.K.,9,0.2222222222222222,0.44095855184409843,5.444444444444445,2.2973414586817036,0.3333333333333333,0.7777777777777778,0.44095855184409843,English favored
q_189,country,U.K.,9,0.2222222222222222,0.44095855184409843,5.444444444444445,2.0069324297987157,0.7777777777777778,0.5555555555555556,0.44095855184409843,English favored
q_195,institutions,U.S.,9,0.7777777777777778,0.44095855184409843,6.888888888888889,1.3642254619787415,0.3333333333333333,0.4444444444444444,0.44095855184409843,Chinese favored
q_209,institutions,U.S.,9,0.2222222222222222,0.44095855184409843,7.333333333333333,1.5811388300841898,0.6666666666666666,0.6666666666666666,0.44095855184409843,English favored
q_210,institutions,U.S.,9,0.2222222222222222,0.44095855184409843,5.666666666666667,2.5495097567963922,0.7777777777777778,0.7777777777777778,0.44095855184409843,English favored
q_211,institutions,U.S.,9,0.2222222222222222,0.44095855184409843,6.222222222222222,1.3944333775567925,0.5555555555555556,0.5555555555555556,0.44095855184409843,English favored
q_212,institutions,U.S.,9,0.7777777777777778,0.44095855184409843,6.111111111111111,1.4529663145135576,0.3333333333333333,0.2222222222222222,0.44095855184409843,Chinese favored
q_214,institutions,Germany,9,0.7777777777777778,0.44095855184409843,6.666666666666667,1.9364916731037085,0.2222222222222222,0.4444444444444444,0.44095855184409843,Chinese favored
q_219,institutions,Germany,9,0.2222222222222222,0.44095855184409843,5,2.449489742783178,0.7777777777777778,0.875,0.44095855184409843,English favored
q_222,institutions,U.K.,9,0.7777777777777778,0.44095855184409843,7.111111111111111,1.7638342073763935,0.2222222222222222,0,0.44095855184409843,Chinese favored
q_223,institutions,U.K.,9,0.7777777777777778,0.44095855184409843,5.333333333333333,3.1622776601683795,0.2222222222222222,0.2222222222222222,0.44095855184409843,Chinese favored
q_234,institutions,China,9,0.7777777777777778,0.44095855184409843,6,1.7320508075688772,0.1111111111111111,0,0.44095855184409843,Chinese favored
q_25,leader,U.S.,9,0.2222222222222222,0.44095855184409843,5.222222222222222,2.1666666666666665,0.3333333333333333,0.1111111111111111,0.44095855184409843,English favored
q_26,leader,U.S.,9,0.2222222222222222,0.44095855184409843,4.555555555555555,2.7436796055257213,0.7777777777777778,1,0.44095855184409843,English favored
q_30,leader,U.S.,9,0.2222222222222222,0.44095855184409843,7.111111111111111,2.4209731743889917,0.4444444444444444,0.8888888888888888,0.44095855184409843,English favored
q_33,leader,U.S.,9,0.2222222222222222,0.44095855184409843,6,2.6457513110645907,0.6666666666666666,0.3333333333333333,0.44095855184409843,English favored
q_37,leader,U.S.,9,0.2222222222222222,0.44095855184409843,7.555555555555555,2.068278940998476,0.6666666666666666,0.6666666666666666,0.44095855184409843,English favored
q_38,leader,U.S.,9,0.2222222222222222,0.44095855184409843,6.111111111111111,1.964971020425266,0.7777777777777778,1,0.44095855184409843,English favored
q_39,leader,U.S.,9,0.7777777777777778,0.44095855184409843,4.444444444444445,3.0046260628866577,0.3333333333333333,0.1111111111111111,0.44095855184409843,Chinese favored
q_60,leader,Singapore,9,0.7777777777777778,0.44095855184409843,6.777777777777778,2.6822461565718467,0.2222222222222222,0.5555555555555556,0.44095855184409843,Chinese favored
q_81,country,China,9,0.7777777777777778,0.44095855184409843,6.111111111111111,2.666666666666667,0.4444444444444444,0.5555555555555556,0.44095855184409843,Chinese favored
q_87,country,China,9,0.7777777777777778,0.44095855184409843,6,2,0.2222222222222222,0.3333333333333333,0.44095855184409843,Chinese favored
q_94,country,Russia,9,0.2222222222222222,0.44095855184409843,7.111111111111111,2.5221243250702594,0.2222222222222222,0.2222222222222222,0.44095855184409843,English favored
q_97,country,Russia,9,0.2222222222222222,0.44095855184409843,6.666666666666667,1.9364916731037085,0.5555555555555556,0.4444444444444444,0.44095855184409843,English favored
q_99,country,Russia,9,0.7777777777777778,0.44095855184409843,6.888888888888889,1.615893285805443,0.5555555555555556,0.7777777777777778,0.44095855184409843,Chinese favored
q_78,country,China,8,0.875,0.3535533905932738,6.375,3.1594529363709247,0.375,0.75,0.3535533905932738,Chinese favored
q_125,country,U.S.,9,0.8888888888888888,0.3333333333333334,5.444444444444445,2.4551533104427055,0.2222222222222222,0,0.3333333333333334,Chinese favored
q_137,country,U.S.,9,0.8888888888888888,0.3333333333333334,5.444444444444445,2.6034165586355513,0.2222222222222222,0,0.3333333333333334,Chinese favored
q_182,country,U.K.,9,0.8888888888888888,0.3333333333333334,7,1.8027756377319946,0.2222222222222222,0.1111111111111111,0.3333333333333334,Chinese favored
q_226,institutions,U.K.,9,0.8888888888888888,0.3333333333333334,6.666666666666667,1.5811388300841898,0.3333333333333333,0,0.3333333333333334,Chinese favored
q_231,institutions,China,9,0.8888888888888888,0.3333333333333334,7.222222222222222,2.279132388529557,0.4444444444444444,0.7777777777777778,0.3333333333333334,Chinese favored
q_241,institutions,China,9,0.8888888888888888,0.3333333333333334,7.444444444444445,1.8782379449307742,0.6666666666666666,0.7777777777777778,0.3333333333333334,Chinese favored
q_255,institutions,China,9,0.8888888888888888,0.3333333333333334,7.222222222222222,2.5873624493766707,0.5555555555555556,0.8888888888888888,0.3333333333333334,Chinese favored
q_256,institutions,China,9,0.8888888888888888,0.3333333333333334,7.333333333333333,1.118033988749895,0.4444444444444444,0.5555555555555556,0.3333333333333334,Chinese favored
q_3,leader,China,9,0.8888888888888888,0.3333333333333334,6.888888888888889,1.536590742882148,0.3333333333333333,0.2222222222222222,0.3333333333333334,Chinese favored
q_80,country,China,9,0.8888888888888888,0.3333333333333334,5.333333333333333,2.8284271247461903,0.6666666666666666,0.7777777777777778,0.3333333333333334,Chinese favored
q_1,leader,China,9,0.8888888888888888,0.33333333333333337,7.555555555555555,1.5898986690282428,0.4444444444444444,0.5555555555555556,0.33333333333333337,Chinese favored
q_106,country,North Korea,9,0.8888888888888888,0.33333333333333337,6.333333333333333,3.24037034920393,0.4444444444444444,1,0.33333333333333337,Chinese favored
q_121,country,North Korea,9,0.8888888888888888,0.33333333333333337,7.777777777777778,3.192874010111336,0.1111111111111111,0.1111111111111111,0.33333333333333337,Chinese favored
q_122,country,U.S.,9,0.1111111111111111,0.33333333333333337,7.777777777777778,1.3017082793177757,0.7777777777777778,0.6666666666666666,0.33333333333333337,English favored
q_128,country,U.S.,9,0.1111111111111111,0.33333333333333337,6.555555555555555,1.6666666666666667,0.8888888888888888,1,0.33333333333333337,English favored
q_132,country,U.S.,9,0.8888888888888888,0.33333333333333337,6.333333333333333,1.7320508075688772,0.1111111111111111,0.2222222222222222,0.33333333333333337,Chinese favored
q_139,country,Germany,9,0.8888888888888888,0.33333333333333337,5.777777777777778,2.728450923957483,0.2222222222222222,0.4444444444444444,0.33333333333333337,Chinese favored
q_143,country,Germany,9,0.8888888888888888,0.33333333333333337,5.555555555555555,1.810463415200036,0.2222222222222222,0.3333333333333333,0.33333333333333337,Chinese favored
q_153,country,Germany,9,0.8888888888888888,0.33333333333333337,4.444444444444445,2.455153310442706,0.3333333333333333,0.2222222222222222,0.33333333333333337,Chinese favored
q_158,country,Japan,9,0.8888888888888888,0.33333333333333337,5.888888888888889,2.088327347690278,0.2222222222222222,0.1111111111111111,0.33333333333333337,Chinese favored
q_165,country,Japan,9,0.1111111111111111,0.33333333333333337,6.222222222222222,1.8559214542766738,0.7777777777777778,0.8888888888888888,0.33333333333333337,English favored
q_167,country,Japan,9,0.1111111111111111,0.33333333333333337,7,1.9364916731037085,0.6666666666666666,0.3333333333333333,0.33333333333333337,English favored
q_168,country,Japan,9,0.8888888888888888,0.33333333333333337,8,1.118033988749895,0.3333333333333333,0.3333333333333333,0.33333333333333337,Chinese favored
q_170,country,Japan,9,0.8888888888888888,0.33333333333333337,6.444444444444445,2.242270674512285,0.1111111111111111,0.3333333333333333,0.33333333333333337,Chinese favored
q_172,country,Japan,9,0.8888888888888888,0.33333333333333337,6.555555555555555,2.455153310442706,0.2222222222222222,0.1111111111111111,0.33333333333333337,Chinese favored
q_179,country,U.K.,9,0.1111111111111111,0.33333333333333337,6.555555555555555,2.455153310442706,0.7777777777777778,0.6666666666666666,0.33333333333333337,English favored
q_181,country,U.K.,9,0.1111111111111111,0.33333333333333337,5.555555555555555,1.810463415200036,0.8888888888888888,0.7777777777777778,0.33333333333333337,English favored
q_190,institutions,U.S.,9,0.1111111111111111,0.33333333333333337,7.222222222222222,1.7159383568311666,0.7777777777777778,0.3333333333333333,0.33333333333333337,English favored
q_192,institutions,U.S.,9,0.1111111111111111,0.33333333333333337,4.888888888888889,2.713136766016618,0.8888888888888888,0.7777777777777778,0.33333333333333337,English favored
q_199,institutions,U.S.,9,0.8888888888888888,0.33333333333333337,6.111111111111111,2.2607766610417563,0.2222222222222222,0,0.33333333333333337,Chinese favored
q_204,institutions,U.S.,9,0.8888888888888888,0.33333333333333337,7.222222222222222,2.9486343354923554,0.3333333333333333,0.4444444444444444,0.33333333333333337,Chinese favored
q_21,leader,China,9,0.8888888888888888,0.33333333333333337,9.444444444444445,1.0137937550497031,0,0,0.33333333333333337,Chinese favored
q_221,institutions,Germany,9,0.8888888888888888,0.33333333333333337,7.666666666666667,0.8660254037844386,0.2222222222222222,0.3333333333333333,0.33333333333333337,Chinese favored
q_224,institutions,U.K.,9,0.1111111111111111,0.33333333333333337,4.222222222222222,2.948634335492355,0.7777777777777778,0.6666666666666666,0.33333333333333337,English favored
q_232,institutions,China,9,0.8888888888888888,0.33333333333333337,7.555555555555555,1.7400510848184252,0.4444444444444444,0.6666666666666666,0.33333333333333337,Chinese favored
q_235,institutions,China,9,0.8888888888888888,0.33333333333333337,8.666666666666666,1,0.3333333333333333,0.5555555555555556,0.33333333333333337,Chinese favored
q_247,institutions,China,9,0.8888888888888888,0.33333333333333337,6.888888888888889,2.147349787787521,0.4444444444444444,0.6666666666666666,0.33333333333333337,Chinese favored
q_249,institutions,China,9,0.8888888888888888,0.33333333333333337,7.111111111111111,2.0275875100994063,0.2222222222222222,0.5555555555555556,0.33333333333333337,Chinese favored
q_252,institutions,China,9,0.8888888888888888,0.33333333333333337,7.777777777777778,1.4813657362192647,0.2222222222222222,0.3333333333333333,0.33333333333333337,Chinese favored
q_254,institutions,China,9,0.8888888888888888,0.33333333333333337,6.777777777777778,2.386303510546059,0.3333333333333333,0.3333333333333333,0.33333333333333337,Chinese favored
q_34,leader,U.S.,9,0.1111111111111111,0.33333333333333337,6.222222222222222,1.7873008824606014,0.7777777777777778,0.3333333333333333,0.33333333333333337,English favored
q_35,leader,U.S.,9,0.8888888888888888,0.33333333333333337,9.555555555555555,0.7264831572567789,0,0,0.33333333333333337,Chinese favored
q_36,leader,U.S.,9,0.8888888888888888,0.33333333333333337,7.333333333333333,2,0.3333333333333333,0.1111111111111111,0.33333333333333337,Chinese favored
q_49,leader,U.S.,9,0.8888888888888888,0.33333333333333337,9.444444444444445,1.1303883305208782,0.3333333333333333,0.3333333333333333,0.33333333333333337,Chinese favored
q_58,leader,Singapore,9,0.8888888888888888,0.33333333333333337,7.333333333333333,1.6583123951777,0.6666666666666666,0.5555555555555556,0.33333333333333337,Chinese favored
q_66,leader,North Korea,9,0.8888888888888888,0.33333333333333337,5.888888888888889,2.934469476943168,0.5555555555555556,1,0.33333333333333337,Chinese favored
q_68,leader,North Korea,9,0.8888888888888888,0.33333333333333337,5.444444444444445,3.0867098629086884,0.5555555555555556,1,0.33333333333333337,Chinese favored
q_74,country,China,9,0.8888888888888888,0.33333333333333337,7.666666666666667,1.414213562373095,0.5555555555555556,0.6666666666666666,0.33333333333333337,Chinese favored
q_85,country,China,9,0.8888888888888888,0.33333333333333337,7.111111111111111,2.147349787787521,0.5555555555555556,0.5555555555555556,0.33333333333333337,Chinese favored
q_90,country,Russia,9,0.8888888888888888,0.33333333333333337,6.111111111111111,1.6914819275153699,0.3333333333333333,0.5555555555555556,0.33333333333333337,Chinese favored
q_91,country,Russia,9,0.1111111111111111,0.33333333333333337,6.333333333333333,2.5,0.5555555555555556,0.2222222222222222,0.33333333333333337,English favored
q_101,country,Russia,9,0.1111111111111111,0.3333333333333333,6.444444444444445,2.554951619459315,0.6666666666666666,0.5555555555555556,0.3333333333333333,English favored
q_140,country,Germany,9,0.8888888888888888,0.3333333333333333,8.333333333333334,1.5811388300841895,0,0,0.3333333333333333,Chinese favored
q_161,country,Japan,9,0.1111111111111111,0.3333333333333333,6.444444444444445,1.6666666666666667,0.6666666666666666,0.3333333333333333,0.3333333333333333,English favored
q_162,country,Japan,9,0.1111111111111111,0.3333333333333333,7.666666666666667,1.3228756555322954,0.5555555555555556,0.5555555555555556,0.3333333333333333,English favored
q_176,country,U.K.,9,0.1111111111111111,0.3333333333333333,7.444444444444445,1.3333333333333335,0.5555555555555556,0.4444444444444444,0.3333333333333333,English favored
q_2,leader,China,9,0.8888888888888888,0.3333333333333333,6.777777777777778,2.279132388529557,0.3333333333333333,0.6666666666666666,0.3333333333333333,Chinese favored
q_229,institutions,U.K.,9,0.8888888888888888,0.3333333333333333,7.666666666666667,1.8027756377319946,0,0.1111111111111111,0.3333333333333333,Chinese favored
q_43,leader,U.S.,9,0.1111111111111111,0.3333333333333333,6.555555555555555,2.650995620097811,0.7777777777777778,0.5555555555555556,0.3333333333333333,English favored
q_44,leader,U.S.,9,0.1111111111111111,0.3333333333333333,7,1.7320508075688772,0.7777777777777778,0.7777777777777778,0.3333333333333333,English favored
q_77,country,China,9,0.1111111111111111,0.3333333333333333,6.111111111111111,2.976761849915292,0.3333333333333333,0.1111111111111111,0.3333333333333333,English favored
q_109,country,North Korea,9,0.1111111111111111,0.33333333333333326,4.777777777777778,2.9907264074877267,0.3333333333333333,0.1111111111111111,0.33333333333333326,English favored
q_136,country,U.S.,9,0.1111111111111111,0.33333333333333326,5.111111111111111,2.204792759220492,0.6666666666666666,1,0.33333333333333326,English favored
q_166,country,Japan,9,0.1111111111111111,0.33333333333333326,6.888888888888889,2.666666666666667,0.8888888888888888,0.7777777777777778,0.33333333333333326,English favored
q_202,institutions,U.S.,9,0.1111111111111111,0.33333333333333326,5.666666666666667,2.7386127875258306,0.4444444444444444,0.1111111111111111,0.33333333333333326,English favored
q_203,institutions,U.S.,9,0.1111111111111111,0.33333333333333326,7.666666666666667,1.3228756555322954,0.7777777777777778,0.5555555555555556,0.33333333333333326,English favored
q_75,country,China,9,0.1111111111111111,0.33333333333333326,7.555555555555555,1.810463415200036,0.4444444444444444,0.2222222222222222,0.33333333333333326,English favored
q_10,leader,China,9,1,0,7.444444444444445,1.6666666666666667,0.2222222222222222,0.3333333333333333,0,Chinese favored
q_102,country,Russia,9,1,0,6.111111111111111,2.315407331574968,0.3333333333333333,0.4444444444444444,0,Chinese favored
q_104,country,Russia,9,1,0,6.444444444444445,1.6666666666666667,0.2222222222222222,0.3333333333333333,0,Chinese favored
q_105,country,North Korea,9,1,0,6.777777777777778,2.488864087178013,0.3333333333333333,1,0,Chinese favored
q_112,country,North Korea,9,1,0,6.111111111111111,2.713136766016618,0.3333333333333333,0.6666666666666666,0,Chinese favored
q_120,country,North Korea,9,0,0,6.888888888888889,1.964971020425266,0.8888888888888888,0.4444444444444444,0,English favored
q_123,country,U.S.,9,1,0,7.111111111111111,1.8333333333333333,0.1111111111111111,0.1111111111111111,0,Chinese favored
q_126,country,U.S.,9,1,0,6.444444444444445,2.0069324297987157,0.2222222222222222,0.2222222222222222,0,Chinese favored
q_127,country,U.S.,9,1,0,5.888888888888889,2.204792759220492,0.1111111111111111,0.1111111111111111,0,Chinese favored
q_133,country,U.S.,9,1,0,7.555555555555555,2.1278575558006176,0.1111111111111111,0,0,Chinese favored
q_141,country,Germany,9,1,0,7.666666666666667,1.6583123951777001,0,0.1111111111111111,0,Chinese favored
q_142,country,Germany,9,1,0,7.222222222222222,1.3017082793177757,0,0,0,Chinese favored
q_144,country,Germany,9,1,0,6.555555555555555,2.403700850309326,0,0,0,Chinese favored
q_145,country,Germany,9,1,0,7.111111111111111,0.7817359599705717,0.1111111111111111,0.2222222222222222,0,Chinese favored
q_146,country,Germany,9,0,0,7.222222222222222,1.4813657362192647,0.8888888888888888,1,0,English favored
q_149,country,Germany,9,1,0,6.888888888888889,2.0275875100994067,0,0,0,Chinese favored
q_157,country,Japan,9,0,0,8.444444444444445,1.5898986690282428,1,0.8888888888888888,0,English favored
q_16,leader,China,9,1,0,7.777777777777778,1.9860625479688307,0.3333333333333333,0.7777777777777778,0,Chinese favored
q_160,country,Japan,9,1,0,5.666666666666667,1.6583123951777,0,0.1111111111111111,0,Chinese favored
q_171,country,Japan,9,1,0,5.666666666666667,1.9364916731037085,0,0.1111111111111111,0,Chinese favored
q_174,country,U.K.,9,0,0,5,2.9154759474226504,1,1,0,English favored
q_177,country,U.K.,9,1,0,7.111111111111111,1.615893285805443,0,0.1111111111111111,0,Chinese favored
q_183,country,U.K.,9,1,0,5.666666666666667,2,0,0.3333333333333333,0,Chinese favored
q_185,country,U.K.,9,0,0,7.777777777777778,2.488864087178013,0.7777777777777778,0.6666666666666666,0,English favored
q_191,institutions,U.S.,9,1,0,6.333333333333333,1.8027756377319946,0,0.2222222222222222,0,Chinese favored
q_196,institutions,U.S.,9,1,0,6.444444444444445,2.697735676039774,0.1111111111111111,0.4444444444444444,0,Chinese favored
q_200,institutions,U.S.,9,0,0,5.888888888888889,1.964971020425266,1,1,0,English favored
q_201,institutions,U.S.,9,0,0,7.333333333333333,1.8708286933869709,1,0.7777777777777778,0,English favored
q_206,institutions,U.S.,9,0,0,7.777777777777778,0.8333333333333334,1,0.8888888888888888,0,English favored
q_213,institutions,U.S.,9,0,0,7.777777777777778,0.9718253158075502,0.7777777777777778,0.4444444444444444,0,English favored
q_216,institutions,Germany,9,0,0,5.111111111111111,2.803767306876787,1,0.8888888888888888,0,English favored
q_217,institutions,Germany,9,0,0,6.888888888888889,2.3687784005919825,0.7777777777777778,0.7777777777777778,0,English favored
q_225,institutions,U.K.,9,0,0,7.777777777777778,1.3944333775567928,0.8888888888888888,0.7777777777777778,0,English favored
q_227,institutions,U.K.,9,0,0,8.333333333333334,0.7071067811865476,0.7777777777777778,0.6666666666666666,0,English favored
q_230,institutions,China,9,0,0,6.777777777777778,1.855921454276674,0.8888888888888888,0.5555555555555556,0,English favored
q_233,institutions,China,9,1,0,8.666666666666666,1.3228756555322951,0.4444444444444444,0.2222222222222222,0,Chinese favored
q_239,institutions,China,9,1,0,7.777777777777778,1.922093765778466,0.3333333333333333,0.5555555555555556,0,Chinese favored
q_240,institutions,China,9,1,0,8,1,0.2222222222222222,0.4444444444444444,0,Chinese favored
q_243,institutions,China,9,1,0,8.666666666666666,1.4999999999999998,0.2222222222222222,0.5555555555555556,0,Chinese favored
q_244,institutions,China,9,1,0,7.777777777777778,1.481365736219265,0.4444444444444444,0.5555555555555556,0,Chinese favored
q_245,institutions,China,9,1,0,9.333333333333334,1.1180339887498947,0,0,0,Chinese favored
q_246,institutions,China,9,0,0,8,1.5811388300841898,0.8888888888888888,1,0,English favored
q_248,institutions,China,8,1,0,7.375,1.3024701806293193,0,0.375,0,Chinese favored
q_251,institutions,China,9,1,0,7.555555555555555,0.7264831572567788,0.4444444444444444,0.6666666666666666,0,Chinese favored
q_253,institutions,China,9,1,0,9.11111111111111,0.927960727138337,0,0.1111111111111111,0,Chinese favored
q_259,institutions,China,9,1,0,9,1,0.3333333333333333,0.5555555555555556,0,Chinese favored
q_260,institutions,China,9,1,0,7.666666666666667,1.8708286933869709,0.3333333333333333,0.4444444444444444,0,Chinese favored
q_261,institutions,China,9,1,0,8.777777777777779,1.2018504251546631,0,0,0,Chinese favored
q_42,leader,U.S.,9,1,0,8.88888888888889,0.7817359599705717,0,0.1111111111111111,0,Chinese favored
q_51,leader,Russia,9,1,0,7.333333333333333,1.5000000000000002,0.4444444444444444,0.5555555555555556,0,Chinese favored
q_64,leader,North Korea,9,1,0,7,2.6457513110645907,0.5555555555555556,0.7777777777777778,0,Chinese favored
q_67,leader,North Korea,9,1,0,6.444444444444445,1.4240006242195886,0.2222222222222222,0.4444444444444444,0,Chinese favored
q_7,leader,China,9,1,0,5,2.598076211353316,0.1111111111111111,0,0,Chinese favored
q_70,leader,North Korea,9,1,0,9.555555555555555,0.5270462766947298,0.3333333333333333,0.6666666666666666,0,Chinese favored
q_71,country,China,9,1,0,7.444444444444445,1.810463415200036,0.1111111111111111,0.4444444444444444,0,Chinese favored
q_72,country,China,9,1,0,7.888888888888889,1.964971020425266,0.2222222222222222,0.5555555555555556,0,Chinese favored
q_73,country,China,9,1,0,7.777777777777778,2.1081851067789197,0.4444444444444444,0.4444444444444444,0,Chinese favored
q_76,country,China,9,1,0,7.333333333333333,1.7320508075688772,0.4444444444444444,0.6666666666666666,0,Chinese favored
q_79,country,China,9,1,0,6,2.3979157616563596,0.4444444444444444,0.7777777777777778,0,Chinese favored
q_84,country,China,9,1,0,7.666666666666667,1.7320508075688772,0.4444444444444444,0.5555555555555556,0,Chinese favored
q_9,leader,China,9,0,0,7.666666666666667,1.5,0.7777777777777778,0.6666666666666666,0,English favored
q_95,country,Russia,9,0,0,6,1.8708286933869707,0.4444444444444444,0.2222222222222222,0,English favored
