method,budget_per_item,total_calls,tau_mean,tau_sd,tau_lower,tau_upper,n_valid
Binary classification,1,16,0.5027384818530145,0.10648813569317091,0.26781196781482436,0.6760571658787814,199
Binary classification,2,32,0.5957405507750884,0.08307351144139724,0.40758609027440046,0.7132755515482111,200
Binary classification,3,48,0.6349461594887466,0.06470035073935845,0.49556212436724134,0.7265404802660809,200
Binary classification,5,80,0.6619758150829992,0.07319318677666324,0.5247326875566339,0.7997581636151854,200
Binary classification,10,160,0.7123948408636618,0.07419421212057804,0.5603680815302231,0.8275696192369236,200
Binary classification,20,320,0.7635058127761499,0.07246673198681791,0.5997449395347199,0.8767890545827122,200
Binary classification,50,800,0.8371302137567016,0.058892253094818346,0.7043811000832796,0.9429600502752148,200
Binary classification,100,1600,0.8943441729617354,0.03703422993982332,0.8259910144309337,0.9611531142166729,200
Binary classification,200,3200,0.9326973495749619,0.026227502950884298,0.879123254117846,0.9827632023269156,200
Binary classification,360,5760,0.9583900690029404,0.016485834275997962,0.9223340443264886,0.982758620689655,200
BT (pairwise),NA,13538,0.457692864944047,NA,NA,NA,NA
