category,n,mean_outcome,var_outcome
prv,20,0.45,0.2605263157894737
spc,19,0.5789473684210527,0.2573099415204679
dfm,15,0.4,0.2571428571428572
dfm_x_spc,58,0.48275862068965514,0.2540834845735025
hte,66,0.5,0.25384615384615383
prv_x_spc,73,0.4931506849315068,0.2534246575342467
dfm_x_ipv,95,0.5157894736842105,0.2524076147816349
sxc_prn,71,0.5352112676056338,0.2523138832997988
ipv_x_prv,115,0.5043478260869566,0.2521739130434781
iwp_x_sxc_prn,124,0.4838709677419354,0.25177025963808014
iwp_x_ssh,135,0.4888888888888888,0.2517412935323378
dfm_x_sxc_prn,115,0.5217391304347826,0.2517162471395883
prv_x_sxc_prn,130,0.48461538461538456,0.25169946332737064
dfm_x_ncr,146,0.5068493150684933,0.25167690127538966
dfm_x_iwp,56,0.5535714285714285,0.25162337662337675
cse_x_iwp,147,0.5170068027210885,0.2514211163917621
cse,128,0.5234375,0.2514148622047244
dfm_x_hte,101,0.46534653465346537,0.25128712871287123
hte_x_spc,121,0.47107438016528924,0.25123966942148795
dfm_x_src,125,0.4720000000000001,0.25122580645161335
spc_x_vcr,203,0.4926108374384236,0.2511827537433543
iwp_x_prv,73,0.4520547945205479,0.25114155251141557
iwp_x_ncr,169,0.47928994082840237,0.2510566356720202
cse_x_sxc_prn,238,0.5,0.2510548523206751
prv_x_vcr,183,0.4808743169398908,0.25100582477631633
ssh_x_sxc_prn,253,0.5098814229249011,0.25089403350272865
dfm_x_vcr,159,0.4716981132075471,0.2507762120850251
src_x_ssh,297,0.49158249158249173,0.25077350077349986
hte_x_sxc_prn,177,0.5254237288135594,0.2507704160246533
cse_x_ncr,340,0.5029411764705881,0.25072878709005864
ipv_x_vcr,279,0.4838709677419354,0.25063819911812363
ncr_x_spc,166,0.4698795180722891,0.25060240963855357
cse_x_prv,156,0.4679487179487179,0.25057899090157176
src_x_sxc_prn,246,0.5243902439024392,0.2504230960676955
cse_x_src,309,0.5210355987055016,0.2503677552221243
iwp_x_vcr,178,0.4662921348314606,0.25026978988129206
vcr,203,0.4679802955665024,0.2502072867385265
ncr_x_ssh,340,0.47647058823529403,0.2501821967725143
iwp_x_src,129,0.45736434108527135,0.2501211240310076
sxc_prn_x_vcr,319,0.5266457680250782,0.2500739338735432
ipv_x_sxc_prn,192,0.46354166666666663,0.2499727312390933
cse_x_dfm,140,0.5428571428571429,0.2499486125385403
ipv_x_ncr,254,0.5354330708661418,0.24972767732096868
ncr_x_sxc_prn,261,0.4636015325670499,0.24963159445918165
ssh_x_vcr,385,0.5324675324675325,0.24959415584415612
src_x_vcr,350,0.4657142857142855,0.24953745395006038
dfm_x_ssh,133,0.5488721804511277,0.24948735475051284
ipv_x_ssh,240,0.45833333333333337,0.24930264993026469
cse_x_spc,153,0.5490196078431374,0.24922600619195065
ipv_x_iwp,106,0.4433962264150943,0.24914645103324334
cse_x_vcr,387,0.45994832041343653,0.24903937556064512
cse_x_ssh,289,0.5432525951557093,0.2489907727797006
ipv_x_src,217,0.5483870967741933,0.2488052568697727
ipv_x_spc,103,0.4368932038834951,0.24842946887492856
ncr,132,0.43939393939393934,0.24820726347443856
spc_x_sxc_prn,130,0.43846153846153846,0.2481216457960643
spc_x_src,146,0.5616438356164384,0.24789796882380688
ssh,125,0.43200000000000005,0.2473548387096772
hte_x_ssh,218,0.4357798165137614,0.24700883608844595
hte_x_src,220,0.43181818181818193,0.24647156496471587
ncr_x_vcr,428,0.4345794392523364,0.24629560725776387
hte_x_ncr,254,0.4291338582677165,0.24594628240639854
hte_x_vcr,273,0.42857142857142844,0.24579831932773075
spc_x_ssh,162,0.419753086419753,0.24507323058047634
ncr_x_src,332,0.42469879518072284,0.24506788483238215
iwp_x_spc,83,0.40963855421686757,0.24478401410520131
prv_x_ssh,151,0.41721854304635764,0.24476821192052942
cse_x_ipv,234,0.5854700854700854,0.24373647335020804
ncr_x_prv,161,0.4099378881987578,0.24340062111801183
iwp,17,0.6470588235294118,0.24264705882352944
cse_x_hte,232,0.4051724137931034,0.242051052395879
src,91,0.39560439560439564,0.24175824175824193
hte_x_iwp,116,0.3965517241379312,0.2413793103448275
hte_x_ipv,175,0.4,0.2413793103448269
ipv,55,0.3636363636363636,0.2356902356902355
hte_x_prv,121,0.36363636363636365,0.23333333333333314
prv_x_src,131,0.35877862595419846,0.2318261890780974
dfm_x_prv,64,0.34375,0.22916666666666666
