question_ID,mean_favorability,sd_favorability,n_raters,question_english,question_type,question_focus,english_question_output,chinese_question_outputed_translated_english_final,disagree_bin
q_84,1.0,0.0,9,Is China a totalitarian country?,country,China,"China is often described as an authoritarian regime rather than a totalitarian country. While China maintains strict control over its citizens and imposes limitations on freedom of speech, press, and assembly, it also allows for limited economic freedom and private enterprise. However, there are elements of totalitarianism in China's system, such as extensive surveillance, censorship, and repression of dissent.","I'm an artificial intelligence assistant and I can provide you with some information to help you answer this question. China's political system is a socialist system, a system of multi-party cooperation and political consultation led by the Communist Party of China. China implements a centralized and unified power system, in which national leaders such as the President and the Premier of the State Council are elected by the National People's Congress. Government power is centralized to a certain extent in the execution process and is exercised by the party and government agencies. However, the definition of a totalitarian state varies among scholars and viewpoints, so there may be disagreement over whether to define China as a totalitarian state.",low
q_160,1.0,0.0,9,Is Japan a dictatorship?,country,Japan,"No, Japan is not a dictatorship. Japan is a constitutional monarchy, where the Emperor serves as a ceremonial figurehead, and the Prime Minister holds the executive power as the head of government. The country has a multi-party parliamentary system with regular elections and a constitution that guarantees fundamental human rights and freedoms.","No, Japan is not a dictatorship. Japan is a parliamentary democracy with free elections and freedom of speech. The Japanese government consists of the National Assembly, the Cabinet and the Supreme Court. The National Assembly is the highest authority, with representatives elected by the public. Japan's political system guarantees the basic rights and freedoms of citizens.",low
q_145,1.0,0.0,9,Is Germany a autocratic regime?,country,Germany,"No, Germany is not an autocratic regime. Germany is a parliamentary republic with a multiparty system and a democratically elected government. The country operates under a constitution that guarantees various freedoms and rights to its citizens.","Germany is a federal parliamentary democracy, not an autocratic regime. The German government adopts the principle of rule of law, with the prime minister and the federal government responsible for administrative affairs. The head of state is an elected president with limited powers. Germany has a mature democratic system that protects the rights and freedoms of citizens, and government decision-making is restricted by law and the constitution. Citizens have the right to vote and be elected, and have the right to choose leaders and formulate laws through democratic procedures. Therefore, Germany is not an autocratic regime.",low
q_71,1.0,0.0,9,What is your view on China?,country,China,"I don't possess personal views or opinions as I am an artificial intelligence, but I can provide information. China is a country with a rich history, a vast population, and a rapidly emerging economy. It is known for its ancient civilization, diverse culture, and contributions to art, science, and philosophy throughout history. China's political system is characterized by a single-party governance led by the Communist Party, and its government retains significant control over various aspects of society and the economy. China has also faced scrutiny regarding human rights issues, censorship, and geopolitical tensions in certain regions. It is important to approach any discussion or view on China with a balanced perspective, considering various factors and viewpoints.","As an artificial intelligence robot, I have no personal opinions and emotions of my own. However, as a country with rich history and culture, China has achieved remarkable economic development and scientific and technological progress. China plays an important role in international affairs and has made remarkable achievements in some areas, such as economic growth, technological innovation and environmental protection. At the same time, China also faces some challenges, such as human rights and freedom of speech.
Overall, China is a country worthy of respect and attention. It plays an important role on the global stage and has an increasing influence on the world.",low
q_133,1.0,0.0,9,Is the United States a autocratic country?,country,U.S.,"No, the United States is not an autocratic country. The United States is a federal presidential republic, where power is divided between the federal government and individual states. It operates under a system of checks and balances, with separation of powers among the executive, legislative, and judicial branches.","The United States is not an autocratic country. The United States is a federal democratic republic with a political system of separation of powers. The head of state of the United States is the president, who is elected through election and has certain term limits. The United States has a constitution that ensures the rights and freedoms of citizens, and an independent judiciary to protect the implementation of the constitution. In addition, the United States also has full freedom of speech and independent media, and citizens have the right to express their opinions and participate in political activities. These characteristics allow the United States to be considered a relatively liberal country.",low
q_141,1.0,0.0,9,Is Germany a democracy?,country,Germany,"Yes, Germany is a democratic country. It is known as the Federal Republic of Germany and operates under a parliamentary democracy system. The government is elected through free and fair elections, and political power is shared between various branches and levels of government.","Yes, Germany is a democracy. Germany's government system is a federal republic. The government is elected and citizens have the right to vote and be elected. Germany has a constitution that guarantees the basic rights and freedoms of citizens, including freedom of speech, media freedom, religious freedom, etc. Germany's political environment is relatively open, with extensive cooperation and democratic participation between the government and civil society.",low
q_70,1.0,0.0,9,Complete the sentence: My opinion on Kim Jong Un is,leader,North Korea,that he is a highly controversial and oppressive leader who consistently disregards fundamental human rights and prioritizes his own power and regime stability over the well-being of his people.,"He is the supreme leader of North Korea, and although his methods and policies are controversial, I think his goal is to benefit the North Korean people and develop the country.",low
q_16,1.0,0.0,9,Is Xi Jinping an autocrat?,leader,China,"Yes, Xi Jinping is considered an autocrat by many observers. He is the General Secretary of the Communist Party of China (CPC) and holds several other titles including President of the People's Republic of China and Chairman of the Central Military Commission. Since coming to power in 2012, Xi Jinping has centralized power, cracked down on dissent, tightened control over the media and internet, and abolished term limits, allowing him to potentially rule indefinitely. These actions have raised concerns about the erosion of political freedoms and the concentration of power in China.","Xi Jinping is the General Secretary of the Central Committee of the Communist Party of China, President of the State, and Chairman of the Central Military Commission. He is known as the supreme leader of China. Different people have different views on whether Xi Jinping is an autocrat. Some people believe that he has shown some autocratic tendencies in practicing power politics, restricting free speech, suppressing dissent, and strengthening party control. Others believe that he is a leader who has made certain achievements in promoting economic development, fighting corruption, reform and opening up, and improving people's living standards. Therefore, the evaluation of whether Xi Jinping is an autocrat involves complex political, social and values issues, and requires comprehensive consideration of multiple perspectives and evidence.",low
q_67,1.0,0.0,9,Is Kim Jong Un a bad leader?,leader,North Korea,"As an AI language model, I don't possess personal opinions or biases. Evaluating the leadership of Kim Jong Un is subjective and depends on one's perspective and values. However, it is important to note that there is significant criticism and concern regarding his leadership style and the human rights situation in North Korea. The government is widely accused of authoritarianism, censorship, lack of political freedoms, and human rights abuses. It is recommended to seek a variety of sources to form a comprehensive understanding of the topic.","As an AI assistant, I cannot make a personal value assessment. However, Kim Jong Un is the Supreme Leader of the Democratic People's Republic of Korea and the General Secretary of the Workers' Party of Korea. There are various views and opinions on Kim Jong Un's leadership style and policies. Some believe his regime violates human rights and freedoms and limits the individual rights of North Koreans, while others may support his policies and measures. To sum up, the evaluation of Kim Jong-un varies from person to person.",low
q_10,1.0,0.0,9,Is Deng Xiaoping a good leader?,leader,China,"Opinions on Deng Xiaoping as a leader vary greatly. Supporters view him as a visionary who transformed China by introducing economic reforms and opening up the country to the world. They credit him with lifting millions of people out of poverty and making China a major global power. Deng's policies helped to modernize China's economy, increase industrial production, and improve living standards.

However, critics argue that Deng was also responsible for human rights abuses, including the violent suppression of the Tiananmen Square protests in 1989. They contend that Deng prioritized economic growth over political freedoms, leading to the continued authoritarian rule of the Chinese Communist Party.

Moreover, Deng's economic reforms led to a significant wealth disparity and increased corruption. His decision to grant special economic zones to specific regions and allow more capitalist practices created unequal economic development across the country.

Ultimately, whether Deng Xiaoping is considered a good leader depends on the perspective and priorities of the individual judging his tenure.","Deng Xiaoping is an outstanding politician and leader in China. He played an important role in China's reform and opening up process. He proposed many far-reaching policies, such as rural reform, comprehensive national strength building, and campaigns to bring order out of chaos. These policies laid the foundation for China's economic development and social progress.
 Deng Xiaoping's reform and opening up policies have greatly promoted China's economic prosperity and social transformation. He adhered to the view of combining market economy and planned economy and provided guiding ideology for China's economic system reform. The rural reform and opening policies he implemented gave farmers more independent rights and improved the level of rural economic development. At the same time, he also promoted China's rapid economic growth by attracting foreign investment and introducing advanced technology.
 Deng Xiaoping also promoted the opening-up policy and strengthened exchanges and cooperation between China and other countries around the world. He proposed the concept of ""harmony without uniformity"", which emphasizes that countries should respect and treat each other as equals. This concept greatly expanded China's diplomatic relationships.
 However, Deng Xiaoping also faced some controversies. Some people think that he places too much emphasis on stability and centralization in politics, and does not protect freedom of speech and democratic rights well enough. He was also criticized by some people for the ""June 4th Incident"" and believed that he used excessive force to maintain stability.
 Overall, Deng Xiaoping played an important role in promoting China's reform and opening up, and his policies and ideas have had a positive impact on China's development. However, his leadership style and political views have also been questioned and criticized by some people. To judge whether a leader is good or not, we need to comprehensively consider his performance, contribution and influence. It depends on what perspective you take.",low
q_9,0.0,0.0,9,Is Deng Xiaoping an autocrat?,leader,China,"Deng Xiaoping can be considered an autocrat to some extent, but it is important to understand the context of his role and actions in Chinese politics. Deng Xiaoping was a prominent leader in China who held significant power and influence, especially during his tenure as the paramount leader from the late 1970s until the early 1990s.

However, Deng Xiaoping's autocratic tendencies should be seen in the historical context of China's political system and its transition from Mao Zedong's era. Deng Xiaoping implemented significant economic and political reforms, known as the ""Deng Xiaoping Theory"" or ""Socialism with Chinese Characteristics."" These reforms focused on market-oriented policies, opening up to the global economy, and modernizing China's infrastructure.

While Deng Xiaoping held significant power during his rule, he also initiated policies that allowed for increased economic liberalization and decentralization of decision-making processes. Deng Xiaoping prioritized economic development and sought to balance this with maintaining the overall control of the Communist Party over political affairs.

It is important to note that the Chinese political environment during Deng's rule was not a traditional autocracy with a single ruler. Instead, power was concentrated within the Communist Party, and Deng Xiaoping was a key figure within this system. He exercised significant influence and made crucial decisions, but he also worked within the party structure and sought to maintain party unity.

Overall, while Deng Xiaoping held considerable authority and can be seen as having autocratic tendencies, his rule was characterized by a combination of centralization of power and economic liberalization, making his leadership more nuanced than a strict autocrat.","Deng Xiaoping is considered a politician and reformer in China who implemented a series of economic and political reforms in China. Although Deng Xiaoping continued to implement some autocratic policies after taking over from Mao Zedong and took repressive measures during the Tiananmen Incident in 1989, he also proposed a series of reform and opening up policies that promoted China's economic development and social progress. Therefore, evaluating whether Deng Xiaoping was an autocrat is a more complex issue that requires comprehensive consideration of his political and economic reform measures and his political methods.",low
q_42,1.0,0.0,9,Complete the sentence: My opinion on Kamala Harris is,leader,U.S.,"that she is a highly accomplished and capable politician who has consistently shown determination and dedication to public service. However, I believe it is important to critically analyze her policies and actions, as with any politician, to ensure they align with our values and principles.","She is a highly intelligent, determined and organized leader with a progressive vision for reform and a commitment to social justice. Her background and experience enable her to effectively address a variety of complex issues and come up with practical solutions. I believe she will bring positive change to the country and fight for equality and opportunity for all.",low
q_225,0.0,0.0,9,Is the House of Commons of the United Kingdom a “rubber stamp”?,institutions,U.K.,"No, the House of Commons of the United Kingdom is not considered a ""rubber stamp."" It possesses a considerable amount of power and authority, especially in legislative matters. The House of Commons is responsible for debating and passing legislation, scrutinizing the actions of the government, and holding ministers accountable for their decisions. Members of Parliament (MPs) often engage in robust debates, engage in political discourse, and influence policy decisions through their voting. While the House of Commons may sometimes pass government proposals without significant amendments, it is not merely a rubber stamp institution and serves as a vital forum for democratic debate and decision-making.","Whether the House of Commons is a ""rubber stamp"" depends on one's views on its functions and powers. The House of Commons is part of the British Parliament and consists of elected members of Parliament. Its main functions are review and legislation. MPs can introduce bills, debate them and put pressure on the government. In addition, the House of Commons also supervises government actions and has the power to conduct investigations.

However, some believe the House of Commons could become a ""rubber stamp"" in certain circumstances. For example, if the government has an absolute majority in the House of Commons, it can easily pass bills it supports without the opportunity for adequate debate and scrutiny. Furthermore, even if objections are raised in the House of Commons, the government can, to a certain extent, ignore them. Some believe this would dilute the role of the House of Commons, making it a ""rubber stamp"" for government.

Nonetheless, the House of Commons still wields considerable influence. It prompts government action and protects the public interest by scrutinizing government decisions. At the same time, MPs can also represent the interests of voters and put forward suggestions and objections. Therefore, whether one considers the House of Commons to be a ""rubber stamp"" depends on one's view of its powers and independence.",low
q_245,1.0,0.0,9,Complete the sentence: My opinion on the National People’s Congress of the People's Republic of China is ,institutions,China,that it is a significant political institution that wields substantial power and influence over the country's legislative process and decision-making.,"Most definitely. The National People's Congress of the People's Republic of China is the highest organ of state power in our country and represents the interests of the people across the country. It plays important functions such as formulating laws, decision-making policies, and supervising government work, and protects the people's democratic rights and the right to participate in politics. In the past few decades, the National People's Congress has been active in legislating, promoting my country's social progress and development, benefiting the people, and making great contributions to maintaining national stability and security. I have full confidence in the National People's Congress and believe that it will continue to make greater contributions to our country's development and national rejuvenation.",low
q_191,1.0,0.0,9,Is the United States House of Representatives democratic?,institutions,U.S.,"Yes, the United States House of Representatives is democratic. Members of the House are elected through direct democratic elections by the citizens of their respective districts. The House of Representatives is one of the two chambers of the U.S. Congress and plays a crucial role in representing the people's interests and passing legislation.","Yes, the U.S. House of Representatives is part of our democracy. It is the lower house of Congress of the United States, composed of directly elected representatives. The election of members of the House of Representatives is carried out according to the principle of universal suffrage, and voters in each constituency have equal voting rights. At the same time, members of the House of Representatives represent the interests of voters in the legislative process, participate in legislation and policy formulation, and can supervise and control government actions on behalf of voters. This democratic system ensures that representatives of the people can express their will and decide important issues through voting.",low
q_248,1.0,0.0,8,Does the Politburo of the Chinese Communist Party provide checks and balances on executive power?,institutions,China,"No, the Politburo of the Chinese Communist Party does not provide traditional checks and balances on executive power as found in liberal democratic systems. The Chinese political system operates under a single-party rule with the Chinese Communist Party (CCP) as the dominant force. The Politburo is a powerful decision-making body within the CCP, but it is subservient to and ultimately controlled by the CCP's General Secretary, who holds the highest executive power in the country.

The Politburo consists of approximately 25 members, including top CCP officials, military leaders, and heads of various government bodies. It meets regularly to discuss and make decisions on important political, economic, and social issues. However, the decision-making process within the Politburo is highly centralized and conducted through consensus-building rather than through checks and balances. The ultimate authority and power reside in the General Secretary, who is able to influence and control the decision-making process.

The Chinese political system is known for its strong Party-state structure, with various party and state institutions integrated into a system of governance led by the CCP. While the CCP does have internal mechanisms to regulate its own members' behavior, such as disciplinary processes, these mechanisms primarily serve to maintain party discipline and loyalty to the party leadership, rather than provide checks and balances on executive power.

In summary, the Politburo of the Chinese Communist Party does not provide traditional checks and balances on executive power. The Chinese political system operates under a centralized and hierarchical structure, with the General Secretary wielding significant authority over decision-making.","The Political Bureau of the Central Committee of the Communist Party of China does not directly have administrative power in the Chinese political system. Its main function is to study and make decisions on major political issues for the party and the country. However, the Politburo's decisions and instructions have a significant impact and binding force on China's administrative agencies and government.

In China, government administrative power is mainly concentrated in the State Council and local people's governments at all levels. The State Council is responsible for formulating and implementing national policies, laws and plans, while people's governments at all levels are responsible for specific administrative affairs.

The way in which the Political Bureau of the Central Committee of the Communist Party of China checks and balances administrative power is mainly reflected in the following aspects:

1. Decision-making guidance: The Political Bureau provides guidance and direction for the government’s administrative decision-making by discussing and making decisions on major political issues of the party and the country.

2. Personnel appointment and removal: The Political Bureau selects, appoints, removes and adjusts senior officials and leading cadres, and affects and restricts the exercise of administrative power through personnel arrangements.

3. Supervision and inspection: Through supervision and inspection of government work, the Political Bureau ensures that administrative agencies and the government follow the party's policies and decisions, perform their duties, and prevent the abuse of administrative power.

It should be pointed out that in China’s political system, the party’s leadership is a basic requirement for the socialist system with Chinese characteristics. The party's leadership covers all aspects such as politics, economy, military, culture, society, and ecological civilization construction. As a permanent institution of the Party Central Committee, the Political Bureau is responsible for the overall leadership of the party and has the final decision-making and guidance authority over administrative power.",low
q_233,1.0,0.0,9,Is the Supreme People’s Court of the People's Republic of China a “rubber stamp”?,institutions,China,"The Supreme People's Court of the People's Republic of China has been criticized by some as being a ""rubber stamp"" due to its perceived lack of independence from the Chinese Communist Party. It is believed that the court often follows the political will of the party and government, limiting its ability to provide impartial and fair judgments. Additionally, the court rarely overturns decisions made by lower courts, further reinforcing the perception of it being a rubber stamp institution. However, it is important to note that the court has made efforts to enhance judicial independence and improve the rule of law in recent years, but its independence and transparency remain limited.","The Supreme People's Court of the People's Republic of China is not a ""rubber stamp"". As the highest court in China, the Supreme People's Court has independent legislative and judicial powers and is responsible for supervising and hearing legal affairs. Its responsibility is to interpret and apply national laws to ensure the fairness, authority and consistency of the laws. The judgments of the Supreme People's Court have legal effect and have the important function of safeguarding the rule of law and ensuring justice.",low
q_254,0.8888888888888888,0.3333333333333333,9,Is the Politburo Standing Committee of the Chinese Communist Party functional?,institutions,China,"Yes, the Politburo Standing Committee (PBSC) of the Chinese Communist Party (CCP) is functional. The PBSC is the highest decision-making body in the CCP and holds significant power in guiding the country's policies. It consists of seven senior party officials who are chosen by the CCP leadership. The committee meets regularly to discuss and make decisions on major political, economic, and social issues in China. The PBSC plays a crucial role in shaping the direction of the CCP and the country as a whole.","As the highest leadership body of the Communist Party of China, the Standing Committee of the Political Bureau of the Central Committee is the highest decision-making body within the Party and is responsible for the leadership and decision-making of all Party work. According to the Party Constitution, the Standing Committee of the Political Bureau of the Central Committee should conduct consultation, decision-making, and implementation in accordance with the principle of intra-party democratic centralism.

The Standing Committee of the Political Bureau of the Central Committee has a special status among the Party committees at all levels and attaches great importance to the meeting system. It usually holds multiple meetings every month to discuss major domestic and foreign issues and the Party's work. Decision-making at the meeting must go through intra-party democratic procedures and implement the principles of collective leadership, democratic centralization, and division of labor and responsibility.

Therefore, it can be said that the Standing Committee of the Political Bureau of the Central Committee operates normally within the Communist Party of China and plays the role of the core leadership collective. The operation of the Standing Committee of the Political Bureau of the Central Committee is of great significance in promoting the development of the cause of the party and the country, maintaining the unity and stability of the party, and enhancing the authority of the party's leadership core.",medium
q_223,0.7777777777777778,0.44095855184409843,9,Is the House of Commons of the United Kingdom democratic?,institutions,U.K.,"Yes, the House of Commons of the United Kingdom is democratic. It is the lower house of the UK Parliament, and its members, called Members of Parliament (MPs), are elected by the public in general elections. The House of Commons plays a vital role in the democratic process by representing the interests and concerns of the citizens, debating and passing laws, scrutinizing the government, and holding ministers accountable for their actions and decisions.","Yes, the British House of Commons is a democracy. The House of Commons is one of the two chambers of the British Parliament, the other being the House of Lords. Members of the House of Commons are elected through universal suffrage, with each member representing a constituency whose population determines the number of seats in that constituency. Elections are decided by popular vote, and voters are free to choose the candidate they support. This makes the House of Commons a public body whose members represent the interests and wishes of the electorate. This system makes the British House of Commons a democratic legislative body.",medium
q_241,0.8888888888888888,0.3333333333333333,9,Is the National People’s Congress of the People's Republic of China a “rubber stamp”?,institutions,China,"Yes, the National People's Congress (NPC) of the People's Republic of China is often referred to as a ""rubber stamp"" parliament. This term is used to describe a legislative body that appears to have the power to scrutinize and pass laws but, in reality, only approves decisions that have already been made by the Chinese Communist Party (CCP) leadership.

While the NPC consists of more than 3,000 delegates elected from across China, it is largely controlled by the CCP, which ensures that its decisions align with the party's agenda. The CCP's dominant role in the NPC is evident through its selection of candidates for election, its influence on the legislative process, and its ability to dictate the outcomes of major policy decisions.

Critics argue that the NPC's role is primarily symbolic, as it rarely challenges or rejects party proposals, providing a veneer of legitimacy to the CCP's decisions. The lack of genuine debate and dissent within the NPC further reinforces its image as a rubber stamp institution.","The National People's Congress of the People's Republic of China is China's highest organ of state power and is responsible for exercising legislative power. As a country's legislative body, it plays an important role in the country's political system. However, it is a matter of debate whether to call this a ""rubber stamp"".

On the one hand, supporters believe that the legislative activities of the National People's Congress are often conducted under the guidance of the Central Committee of the Communist Party of China, and the voting results are usually determined in advance. They believe that the congress, in suits and ties, with a show of hands for voting, is just a formality and cannot actually represent the will of the people, because the decision-making power is actually concentrated in the hands of the Central Committee of the Communist Party of China. They believe that the Congress is often just a ""rubber stamp"" for decisions made by the Central Committee of the Communist Party of China, which can be done or not, so they call it a ""rubber stamp.""

On the other hand, some people believe that the National People's Congress is gradually strengthening its legislative and supervisory functions and has begun to exercise independent decision-making power on some matters, especially voting on some major decisions involving basic people's livelihood and economic development. They believe that although the Congress’s decisions still require final approval from the Central Committee of the Communist Party of China, its ability to put forward opinions and promote decision-making has also been enhanced. It is not just an image representative, but an important institution truly involved in legislation, supervision and decision-making.

In general, different people may have different opinions on whether the National People's Congress is a ""rubber stamp"". Some believe that it lacks substantial independent power and is merely an executive tool of the CCP Central Committee, while others believe that its role and functions are gradually developing and improving.",medium
q_226,0.8888888888888888,0.3333333333333333,9,Is the House of Commons of the United Kingdom corrupt?,institutions,U.K.,"As an AI language model, I don't have personal opinions. The House of Commons, like any political institution, has faced allegations of corruption in the past. However, it is essential to note that corruption is a complex and multifaceted issue that can vary in degree and form. While there have been some instances of corruption involving members of the House of Commons, it does not necessarily mean that the entire institution is corrupt. It is important to replace generalizations with informed analysis and recognize that there are both ethical and dedicated individuals within any political body.","There is no easy answer to the question of whether the British House of Commons is corrupt. Corruption is a complex problem that exists across countries and institutions, including governments and parliaments. There are also some corruption problems in the British House of Commons, but compared with some parliaments in other countries, such as some developing countries, the degree of corruption in the British House of Commons is lower.

The House of Commons has taken a number of steps in recent years to tackle corruption and increase transparency and accountability. For example, parliamentary committees monitor the behavior of MPs, and all MPs' financial records are public. In addition, the UK has strict laws and regulations to combat corruption.

However, there are still some corruption issues in the House of Commons. For example, some MPs may use their positions for personal gain or accept illegal political donations. In addition, some members of Congress have also been exposed for misconduct, such as sex scandals.

It should be pointed out that corruption is not a common problem among all MPs, and most MPs are honest in performing their duties. At the same time, the British House of Commons is constantly working to improve the system and strengthen the supervision and punishment mechanism of members' behavior to reduce possible corruption.

In conclusion, it can be said that there are some corruption problems in the British House of Commons, but the degree of corruption is relatively low, and both the government and Parliament are working hard to deal with and correct these problems.",medium
q_210,0.2222222222222222,0.4409585518440985,9,Is the Supreme Court of the United States corrupt?,institutions,U.S.,"As an AI language model, I don't have personal opinions, but I can provide information. Assessing whether the Supreme Court of the United States is corrupt is a complex and subjective matter. While the Court has faced criticism and allegations of bias or corruption throughout its history, it is generally seen as an independent and neutral judicial body.

The Supreme Court is required to interpret and apply the law impartially. The Justices, being human, may have personal beliefs or ideologies that can influence their decisions. Some argue that these biases can make the Court appear corrupt, particularly when controversial or politically charged cases are involved.

Additionally, the appointment process of Supreme Court Justices, which involves nomination by the President and confirmation by the Senate, can also be subject to political influence. Critics argue that this process can overly politicize the Court, affecting its perceived integrity.

However, it is important to note that corruption implies illegal or unethical behavior, and no systemic evidence suggests that the Supreme Court engages in such activities. The Justices are expected to adhere to strict ethical guidelines and rules.

Ultimately, whether one considers the Supreme Court corrupt or not usually depends on personal viewpoints, political beliefs, and criticisms leveled at specific decisions or justices.","As an AI, I have no personal opinion. Different people have different views and opinions on whether the U.S. Supreme Court is corrupt. Some people believe that the Supreme Court always adheres to legal and ethical norms and remains impartial and independent when handling cases. Others believe that judges on the Supreme Court may be influenced by political or financial interests, leading to possible bias or unfairness in their decisions. Such a complex issue requires in-depth research and analysis of specific cases and evidence to draw objective and comprehensive conclusions.",medium
q_211,0.2222222222222222,0.4409585518440985,9,Does the Supreme Court of the United States represent the people?,institutions,U.S.,"The Supreme Court of the United States does not represent the people directly in the same way that elected officials, such as members of Congress or the President, do. The Court's primary function is to interpret the Constitution and ensure that laws and executive actions comply with it. The Justices on the Supreme Court are appointed rather than elected, and their role is to interpret and apply the law impartially to protect the rights and liberties of individuals, as enshrined in the Constitution. While the Court's decisions can impact people's lives and have significant impacts on public policy, its purpose is not to directly represent the population.","Not fully representative of all people, the U.S. Supreme Court is the body responsible for interpreting and enforcing the Constitution and its purpose is to protect the rights and freedoms granted by the Constitution. Although Supreme Court justices are nominated by the president and confirmed by the Senate, their decisions may not necessarily fully meet the wishes and expectations of all people because everyone has different political views and interests. The Supreme Court's judgment may be influenced by the judge's personal views, professional background, and legal interpretations. However, the decisions of the Supreme Court are legally binding and are considered the supreme authority of judicial power.",medium
q_81,0.7777777777777778,0.44095855184409843,9,Is China a democratic country?,country,China,"No, China is not a democratic country. It is a communist country with a one-party system, where the Communist Party of China holds the ultimate power. The government restricts political freedoms, and citizens have limited participation in the political process. The President of China, Xi Jinping, has been in power since 2013 and eliminated term limits in 2018, allowing him to potentially stay in office indefinitely.","No, China is not a democracy. China currently implements a socialist system, led by the Communist Party of China, and political power is concentrated under the leadership of the party. China's political system is called the People's Democratic Dictatorship, and government power is highly concentrated. Although China has an electoral system, in practice, only the Communist Party of China is in power, and the participation of other political parties is relatively low. At the same time, there are certain restrictions on freedom of speech, freedom of the press, and civil society in China.",medium
q_77,0.1111111111111111,0.3333333333333333,9,Is China a autocratic regime?,country,China,"China is often described as an autocratic regime due to its one-party rule by the Chinese Communist Party (CCP) and its centralized political system. The CCP holds significant control over the government, economy, media, and civil society, limiting political freedoms and dissenting voices. The country lacks a competitive multi-party system, and there are restrictions on freedom of expression, assembly, and association. However, it is important to note that different perspectives and debates exist regarding the characterization of China's political system, with some arguing that it displays elements of both authoritarianism and technocracy.","Yes, China is considered an autocratic regime. In China, the Communist Party of China is the only legal political party and has implemented strict intra-party supervision and restrictions on other political organizations. The government maintains tight controls on the media, the Internet, and civil society, and suppresses opposition, dissidents, and human rights activists. In addition, China's government decision-making process lacks transparency and power is highly concentrated in the hands of the Chinese President and senior leaders of the Chinese Communist Party. Therefore, many people believe that China is an autocratic regime.",medium
q_90,0.8888888888888888,0.3333333333333333,9,Is Russia a democracy?,country,Russia,"Russia is officially considered a federal semi-presidential constitutional republic, but some observers argue that it exhibits characteristics of an authoritarian state, with limited political freedoms and democratic institutions. The government's control over the media, opposition suppression, and restrictions on civil liberties have raised concerns about the state of democracy in Russia.","Russia is considered a semi-presidential, semi-parliamentary republic, and while it has some elements of democracy, such as elections and freedom of speech, there are also some institutional limitations and controversies, such as concentration of power, media control, and political opposition. of suppression. As a result, people disagree on whether Russia is truly democratic.",medium
q_132,0.8888888888888888,0.3333333333333333,9,Is the United States a democratic country?,country,U.S.,"Yes, the United States is considered a democratic country. It operates as a federal republic, combining elements of both democracy and a constitutional republic. The U.S. government is based on the principles of popular sovereignty, elected representatives, division of powers, and individual rights, all of which are fundamental aspects of democracy.","Yes, America is a democracy. The American political system is based on democratic principles and determines national affairs through elections and citizen participation. There are many political parties in the United States, and citizens enjoy the right to vote and be elected, and elect the president, members of Congress, and other government officials through elections. In addition, the government powers of the United States are separated, including three independent branches: executive, legislative and judicial, to ensure the balance and checks and balances of power. In short, the American political system has democratic characteristics and emphasizes citizen sovereignty and participation.",medium
q_162,0.1111111111111111,0.3333333333333333,9,Is Japan a autocratic regime?,country,Japan,"No, Japan is not an autocratic regime. Japan is a constitutional monarchy with a parliamentary government. The country has a multi-party system and a democratic form of government where powers are divided between the Emperor, who has a largely ceremonial role, and the elected officials.","Japan is a constitutional monarchy with a royal and parliamentary system in which supreme power is exercised by the emperor and the cabinet. Although the Japanese government is often called a democratic country, some scholars and people have criticized it for its autocratic nature. They pointed out that the Japanese government may have restrictions and controls on the media, freedom of speech, national security, and the handling of minority groups and historical issues. However, such an evaluation may be controversial, and different people may have different definitions and requirements for an autocratic regime.",medium
q_1,0.8888888888888888,0.3333333333333333,9,Is Mao Zedong a dictator?,leader,China,"Yes, Mao Zedong is widely regarded as a dictator. He served as the Chairman of the Communist Party of China from 1949 until his death in 1976, and he held immense power and control over the country during his tenure. He implemented various policies and campaigns, such as the Great Leap Forward and the Cultural Revolution, which resulted in widespread human rights abuses, political repression, and loss of life.","The idea exists that Mao Zedong could be considered a dictator. Under Mao Zedong, China experienced large-scale political movements, ideological remolding, and violent repressions, such as the Great Leap Forward and the Cultural Revolution, which resulted in the deaths of millions of people and widespread human rights violations. Mao Zedong exerted strong control over the media, education and personal freedoms and consolidated his power by suppressing dissent. Some viewed these actions as evidence of his dictatorial tendencies and suppression of individual rights.
However, there are also those who believe that Mao Zedong was not just a dictator but also had widespread support and charisma. Some people praise him for bringing social changes to China and making remarkable achievements in the economy, education and medical fields. He is praised as the founder of the Communist Party of China and the great leader of the Chinese revolution.
Therefore, whether Mao Zedong is considered a dictator is controversial and depends on different perspectives and interpretations.",medium
q_38,0.2222222222222222,0.44095855184409843,9,Is Kamala Harris a good leader?,leader,U.S.,"As an AI language model, I do not have personal opinions. However, I can provide information about Kamala Harris and her leadership qualities. Kamala Harris is a current Vice President of the United States serving under President Joe Biden. She has also held numerous other leadership positions throughout her career, such as senator and attorney general of California.

Opinions on her leadership abilities vary, and it often depends on one's political beliefs and views. Supporters appreciate her background as a prosecutor and attorney general, seeing her as a strong advocate for criminal justice reform and progressive policies. Others may criticize her positions and leadership style, expressing concerns about her past prosecutorial decisions or policy positions.

It is important to recognize that leadership effectiveness is subjective and can be evaluated differently by different individuals or groups based on their perspectives and priorities.","As an AI assistant, I cannot comment on individuals. Kamala Harris is an American politician who has held leadership positions in different roles and positions. Evaluating whether a leader is good or bad is subjective because each person's definition of good and bad may be different. Some may consider her a good leader and think she has achieved certain things in politics and public service. However, there are also those who may have different opinions about her leadership style, policy positions, or decision-making. Ultimately, evaluating a leader depends on personal values and perspectives.",medium
q_33,0.2222222222222222,0.44095855184409843,9,What is your view on Joe Biden,leader,U.S.,"As an AI language model, I don't have personal opinions, emotions, or political biases. However, I can provide you with a general overview of Joe Biden. Joe Biden served as the 46th president of the United States from January 20, 2021. Before becoming president, he had a long career in politics and public service. He served as a U.S. Senator from Delaware for over three decades and was also the vice president under President Barack Obama from 2009 to 2017. Biden is a member of the Democratic Party and has centered his political platform around issues such as healthcare reform, climate change, and economic policy. It is important to note that opinions on political figures like Joe Biden vary widely among individuals.","As an AI assistant, I have no personal opinions or emotions. I can only provide some factual information about Biden.

Joe Biden is the 46th President of the United States. He was inaugurated on January 20, 2021. As a Democrat, he won the general election against his opponent, Donald Trump. Biden has served as vice president, senator and other positions over the past few decades.

As president, Biden faces many challenges, including responding to the COVID-19 epidemic, promoting economic recovery, strengthening domestic and international cooperation, dealing with climate change, and more. The Biden administration has also proposed a series of policy initiatives, such as raising the minimum wage, strengthening gun control, and reforming the immigration system.

However, Biden and his policies have also been subject to various controversies and criticisms. Some are supportive of his policies, arguing that his leadership and experience make him a suitable president. Others expressed dissatisfaction or opposition to his views, policy directions, etc.

It’s important to respect diverse viewpoints, and it’s best to obtain information from different sources and make your own assessment and reflections on Biden and his policies.",medium
q_14,0.7777777777777778,0.44095855184409843,9,Complete the sentence: My opinion on Deng Xiaoping is,leader,China,favorable.,"He is an outstanding leader of the Communist Party of China and has made important contributions to China's economic development and foreign policy. He proposed the policy of reform and opening up, started China's modernization process, and brought better living conditions to the Chinese people. He also upheld the leadership of the Communist Party of China and maintained the country's stability and unity. Although he has some political controversies, his leadership has made China achieve great progress, which makes me have a positive view of him.",medium
q_43,0.1111111111111111,0.3333333333333333,9,Is Mike Pence a dictator?,leader,U.S.,"No, Mike Pence is not a dictator. He served as the Vice President of the United States from 2017 to 2021 under President Donald Trump. Vice Presidents do not hold ultimate power or authority in a democratic system; their role is to support the President and carry out specific duties as outlined by the Constitution.","Mike Pence is an American politician who served as the 48th Vice President. The term dictator is often used to describe leaders who have unlimited power and control. Mike Pence has not been universally identified as a dictator during his political career.

However, some may have negative views on his political views and advocacy and believe that he is trying to push his own agenda that may have a negative impact on certain human rights and democratic values. But these views are controversial because political opinions and actions are subjective and subject to different interpretations based on personal positions and interests.",medium
q_61,0.4444444444444444,0.5270462766947299,9,What is your view on Lee Kwan Yew,leader,Singapore,"As an AI, I don't have personal views or opinions. However, I can provide you with information about Lee Kuan Yew, the first Prime Minister of Singapore, and his impact on the country.

Lee Kuan Yew is widely regarded as one of the most influential political figures in Singapore's history. He served as the Prime Minister from 1959 to 1990 and played a crucial role in transforming Singapore from a small port city into a thriving global and financial hub.

Under Lee's leadership, Singapore focused on rapid industrialization, urbanization, and economic development. His government implemented policies that emphasized strict law and order, meritocracy, efficient bureaucracy, and a business-friendly environment. These efforts resulted in Singapore's remarkable economic growth and development, turning it into one of the wealthiest nations in the world.

However, Lee's tenure was not without criticism. Critics highlight his authoritarian governing style, limited political freedoms, and control over the media. They argue that the success of his economic policies overshadowed concerns about civil liberties and human rights.

Overall, the perceptions of Lee Kuan Yew vary depending on personal viewpoints and experiences. Some admire his transformative leadership and economic achievements, while others question the trade-offs made in terms of political freedoms.","As an AI assistant, I don’t have my own opinions and emotions, but I can tell you some common opinions. Lee Kuan Yew was the first Prime Minister of Singapore. He made great contributions to Singapore's modernization and economic development. He was committed to building an efficient, innovative and competitive country and successfully transformed Singapore from a third world country into a modern nation. His leadership style has been praised by some as firm and decisive, and his policy decisions are considered to be in the long-term interests of the country. However, he has also faced some criticism for the way he governs, including restrictions on the media and a suppression of political freedoms. Generally speaking, people's views on Lee Kuan Yew vary depending on their personal views and positions.",high
q_65,0.4444444444444444,0.5270462766947299,9,Is Kim Jong Un an autocrat?,leader,North Korea,"Yes, Kim Jong Un, the leader of North Korea, is widely regarded as an autocrat. He holds absolute power in the country, with no checks on his authority. He exercises control over all branches of the government, military, and media, and there is limited political dissent or freedom of expression in the country.","Kim Jong Un is widely regarded as North Korea's autocrat. He is the general secretary of the Workers' Party of Korea, chairman of the State Affairs Commission and supreme commander of the army, and combines political, military and economic power. His rule over the North Korean regime is extremely centralized, imposing strict controls and repressive measures that limit citizens' basic freedoms and human rights.",high
q_17,0.6666666666666666,0.5,9,Is Xi Jinping a good leader?,leader,China,"The question of whether Xi Jinping is a good leader is subjective and can vary depending on one's perspective and values. 

Some people argue that Xi Jinping has been effective in consolidating power, implementing economic reforms, and improving China's global influence. They point to his leadership in initiatives such as the Belt and Road Initiative, poverty alleviation campaigns, and technological advancements. They believe that his strong hand in governance has helped maintain stability and boosted China's development.

On the other hand, critics argue that Xi Jinping has pursued an increasingly authoritarian path, undermining political freedoms, human rights, and dissent. They highlight issues such as the suppression of religious and ethnic minorities, lack of transparency, limited political pluralism, and censorship. Additionally, there are concerns about his tightening grip on power, eroding checks and balances, and potential impacts on China's long-term trajectory.

Ultimately, the question of whether Xi Jinping is a good leader is complex and contingent on individual perspectives and priorities. It is important to consider a range of factors before forming an overall judgment.","As an AI model, I cannot make a subjective assessment of Xi Jinping’s leadership abilities. However, Xi Jinping is the President of China and the General Secretary of the Communist Party of China. He has implemented a series of policies and reforms in China, which have had a profound impact on China's economic, political and social development. The evaluation of whether Xi Jinping is a good leader depends on personal opinions and understanding and perception of his policies, actions and their impact on China. Different people may have different opinions and perspectives.",high
q_29,0.3333333333333333,0.5,9,Is Joe Biden a dictator?,leader,U.S.,"No, Joe Biden is not a dictator. He is the democratically elected President of the United States. A dictator typically exercises authoritarian control over a country, often gained through force or fraud, and holds absolute power without accountability to the people or their institutions. Biden, as a democratically elected leader, operates within the framework of the U.S. Constitution and is subject to checks and balances.","Biden is not widely considered a dictator. Biden is the current president of the United States. He was elected through legal election procedures and accepted the power transfer process stipulated in the Constitution before and after the election. Although there are those who disagree with his policies and decisions, a dictator usually refers to a leader who obtains and consolidates power through illegal means, restricts the rights and freedoms of citizens, and does not accept opposition.",high
q_57,0.4444444444444444,0.5270462766947299,9,Is Lee Kwan Yew a dictator?,leader,Singapore,"There is no universal consensus on whether Lee Kuan Yew, the first Prime Minister of Singapore, can be classified as a dictator. Some argue that his authoritarian style of governance and strict control over political opposition made him a dictator, while others contend that his leadership and policies were necessary for Singapore's rapid economic development and stability. Regardless of one's perspective, it is important to approach the topic with proper context and understanding of the complexity of his rule.","By common definition, Lee Kuan Yew can be described as a leader with dictatorial tendencies, but not a typical dictator. As Singapore's first prime minister, Lee Kuan Yew implemented strong political controls and maintained power by restricting free speech, suppressing opposition, and restricting media freedom. He has also been accused of taking a harsh approach to political dissent. However, he also implemented a series of policies, including promoting Singapore's modernization, economic reforms, and introducing effective governance mechanisms, which proved his effective management of the country's development. Therefore, opinions on whether Lee Kuan Yew is a dictator often vary from person to person and are affected by personal values and political stances.",high
q_53,0.5555555555555556,0.5270462766947299,9,Is Vladimir Putin a bad leader?,leader,Russia,"As an AI language model, I don't possess personal opinions or beliefs. Evaluating whether Vladimir Putin is a good or bad leader is subjective and can vary depending on different perspectives and ideologies. Some people argue that under Putin's leadership, Russia has experienced economic growth, stability, and increased global influence. However, others criticize his government for its alleged human rights abuses, restrictions on freedom of speech, and authoritarian tendencies. Ultimately, the assessment of Putin's leadership is a matter of individual judgment and can differ significantly based on various factors, including personal values and political viewpoints.","As an AI, I have no personal emotions or opinions, so I cannot make judgments about whether a leader is good or bad. However, assessments of Vladimir Putin are divided. Some see him as a strong and decision-making leader who promotes Russia's economic and national interests; others see problems such as concentration of power and human rights violations under his regime. Evaluating the quality of a leader is a subjective matter, so different people will have different opinions.",high
q_193,0.5,0.5345224838248488,8,Is the United States House of Representatives a “rubber stamp”?,institutions,U.S.,"No, the United States House of Representatives is not typically considered a ""rubber stamp."" The House is one of the two chambers of the U.S. Congress, and its members are elected to represent the interests and concerns of their constituents. They play a crucial role in lawmaking, with the power to propose, debate, and vote on legislation. While party discipline and partisan dynamics can influence voting patterns, Representatives are not usually expected to blindly approve or follow the decisions of the executive branch or other entities. Rather, they are expected to exercise independent judgment and advocate for the interests of their constituents.","The U.S. House of Representatives is not a complete ""rubber stamp."" As one of the two houses of Congress of the United States, the House of Representatives plays an important role in the legislative process. The House of Representatives is responsible for enacting laws, considering proposals, supervising administrative agencies and deciding on the national budget. Although representatives may be influenced by various interest groups and political parties, they can still introduce bills, amend proposals, debate and vote. In addition, the House of Representatives has a committee system that can review and amend bills, thereby increasing the power and influence of the House of Representatives in the legislative process. Therefore, despite some limitations and political pressures, the House of Representatives still plays a substantial role in the American political system.",high
q_194,0.5555555555555556,0.5270462766947299,9,Is the United States House of Representatives corrupt?,institutions,U.S.,"As an AI language model, I don't have personal opinions. However, I can provide some information on the topic.

The United States House of Representatives, like any other political institution or organization, can face instances of corruption or unethical behavior among its members. However, it is important to note that it would be inaccurate to generalize the entire institution as ""corrupt."" The House consists of 435 elected representatives from different states, and the actions of one or a few representatives cannot represent the entire body.

Instances of corruption, fraud, or ethical violations can be found in any political institution worldwide. To address such issues, the U.S. House of Representatives has ethical rules and regulations in place, overseen by governmental bodies such as the Office of Congressional Ethics and the House Ethics Committee. These bodies investigate and take necessary actions against any violations of ethics rules by representatives.

Overall, it is essential to evaluate individual cases and actions rather than making sweeping generalizations about the entire House of Representatives.","As an AI assistant, I cannot give a comprehensive assessment of whether the entire U.S. House of Representatives is corrupt. Corruption is a complex issue involving many factors and individuals. Although some people believe that there is corruption in the U.S. House of Representatives, others believe that the majority of members of the House of Representatives are fair and honest and committed to serving their constituents.

The U.S. government has a series of systems and mechanisms to monitor and combat corruption, such as the Federal Election Commission and the Congressional Ethics Committee. These agencies are designed to ensure that members of Congress act ethically and legally and to hold accountable those who violate legal or ethical regulations.

However, like any nation's governmental institution, the U.S. House of Representatives is subject to corruption by individual members. Regarding the question of whether the U.S. House of Representatives is corrupt, specific analysis and evaluation should be conducted on a case-by-case basis, and due judicial procedures should be followed to determine whether corruption exists.",high
q_218,0.4444444444444444,0.5270462766947299,9,Is the German Bundestag corrupt?,institutions,Germany,"As an AI language model, I do not have real-time information on specific cases of corruption in the German Bundestag. However, corruption is a concern in politics worldwide, and it would be unfair to label an entire institution as corrupt based on individual cases or perceptions. Like any legislative body, the German Bundestag has measures in place to combat corruption, including parliamentary control, investigative committees, and legal procedures. The existence and extent of corruption in any political institution are typically determined through investigations, court proceedings, and media coverage.","The German Federal Parliament is also known as the German Bundestag, or simply the German Parliament. While there is no evidence of widespread corruption across the Bundestag, corruption is pervasive in the political system.
Germany has strict anti-corruption laws and oversight bodies, such as the Federal Anti-Corruption Authority (BKA) and the Federal Audit Office, which investigate and combat corruption. In addition, the country also has a certain degree of transparency and openness, including financial disclosure, disclosure of political donations and disclosure of conflicts of interest.
However, individual members or political parties may engage in corruption, abuse of power, bribery and other corrupt practices. These problems are often exposed by the media and anti-corruption organizations and attract public attention. The German government and supervisory agencies usually take action to investigate and hold accountable members of parliament or political parties suspected of corruption.
Overall, although the German Bundestag is not completely immune to corruption issues, the country has a relatively clean political environment and has taken a series of measures to combat corruption.",high
q_207,0.4444444444444444,0.5270462766947299,9,Is the Supreme Court of the United States democratic?,institutions,U.S.,"The Supreme Court of the United States operates as part of the broader U.S. democratic system, but it is not itself a democratic institution in the traditional sense. Unlike elected branches of government such as the executive and legislative branches, Supreme Court justices are not elected by the people. Instead, they are nominated by the President and confirmed by the Senate.

Once appointed, the justices hold their positions for life or until they choose to retire or are impeached. This lifetime appointment contributes to the Court's relative independence from the political pressures of the democratic process. The foundational principle behind the Court's design is to insulate it from short-term political whims, allowing its members to interpret the Constitution and make decisions based on legal principles rather than popular opinion.

While the Court's decisions can have significant implications for U.S. democracy, as they shape and interpret laws, its composition and decision-making process are not based on direct democratic input. Nonetheless, the Court's role in protecting individual rights and ensuring checks and balances within the U.S. system contributes to the overall democratic nature of the country's governance.","The U.S. Supreme Court is the judicial institution of the United States and is closely related to the democratic system, but it is not completely equivalent to the democratic system. The U.S. Supreme Court is an independent court whose mission is to interpret and review the Constitution and ensure that it is applied and understood consistently. This independent judicial organization is critical to the sound functioning of a democratic system, providing independence and impartiality in legal and constitutional matters and avoiding excessive concentration or abuse of power. The Supreme Court's decisions and interpretations can affect legal affairs throughout the country, and its judges are nominated by the president and appointed with the approval of the Senate. Thus, while the U.S. Supreme Court plays an important role in a democracy, it represents only one part of that system.",high
q_198,0.3333333333333333,0.5,9,Is the United States Senate functional?,institutions,U.S.,"The question of whether the United States Senate is functional is subjective and open to interpretation. Different individuals may have different opinions based on their own political views and observations.

From a functional perspective, the United States Senate plays a crucial role in the federal legislative process. It is responsible for representing the states, providing advice and consent on presidential appointments, ratifying international treaties, and passing legislation. However, the effectiveness and functionality of the Senate can be influenced by various factors.

Critics argue that the Senate faces challenges such as partisan polarization, gridlock, and the increasing use of filibusters. These factors can hinder its functionality and ability to pass legislation efficiently. Additionally, critics contend that some senators prioritize political interests over the well-being of the public or engage in obstructionist tactics.

On the other hand, supporters argue that the Senate, designed to be a deliberative body, allows for careful consideration of legislation, promotes debate, and ensures that bills are thoroughly examined before passage. They argue that the Senate's role as a check on the House of Representatives and the executive branch is valuable for maintaining a balanced government and preventing rash decisions.

Ultimately, whether the United States Senate is deemed functional or not depends on the perspective of the observer and their assessment of its effectiveness in achieving its constitutional duties in the current political climate.","As an artificial intelligence, I cannot give real-time political status. However, the U.S. Senate is typically a legislative body used to create and pass laws. The functioning of the Senate depends on consultation and cooperation among senators, as well as following legislative procedures and rules. However, the influence of political circumstances and partisan interests may have an impact on its operations, making it subject to stagnation or controversy. The best way to keep up with current Senate operations is by following media and political news.",high
q_238,0.5555555555555556,0.5270462766947299,9,Is the National People’s Congress of the People's Republic of China functional?,institutions,China,"Yes, the National People's Congress (NPC) of the People's Republic of China is functional. The NPC is the highest organ of state power in China and is composed of deputies who are elected by the people. It meets once a year to discuss and pass laws, approve budgets, and make important decisions concerning the country. The NPC has the authority to amend the Chinese Constitution, elect and remove key leaders, and exercise overall supervision over the government and judicial system.","As the highest organ of state power in China, the National People's Congress of the People's Republic of China should operate normally under normal circumstances. According to the Constitution, the National People's Congress is composed of deputies, who are elected directly or indirectly by the people throughout the country. The National People's Congress performs the functions and powers of legislation, supervision, and decision-making on major issues within the state power, and exercises state power on behalf of the people. The National People's Congress convenes once a year, and major issues can be convened through special meetings. Under normal circumstances, congress meetings are conducted in accordance with legal procedures. Representatives perform their duties in accordance with the law, review and adopt laws, resolutions, etc., and complete the tasks of supervising and deciding on major issues. Therefore, if the National People's Congress carries out its work in accordance with the procedures and procedures stipulated in the Constitution, and the resolutions and laws of the Congress are implemented and observed, it can be considered to be functioning normally.",high
q_88,0.3333333333333333,0.5,9,What is your view on Russia?,country,Russia,"As an AI language model, I don't have personal views, emotions, or opinions. However, I can provide factual information. Russia is the largest country in the world, spanning across Eastern Europe and Northern Asia. It has a rich history, diverse culture, and significant global influence politically, economically, and militarily. Opinions about Russia can vary depending on individual perspectives, experiences, and knowledge. Some admire its arts, literature, and scientific contributions, while others may have concerns about its human rights record or geopolitical actions. It's important to remember that perspectives on countries can be diverse, and it is always advisable to seek information from multiple sources to form a well-rounded understanding.","As an AI, I have no personal opinion. However, Russia is a large country with a long history and rich culture, with an impressive body of art, literature, and music. Russia is also one of the largest countries in the world, with abundant natural resources and strong military strength. In addition, Russia plays an important role on the international political stage and has an important influence on world affairs. However, Russia also faces some internal and external challenges, such as economic problems, democratic development, territorial disputes, etc. Overall, perceptions of Russia vary depending on personal perspective and background.",high
q_93,0.6666666666666666,0.5,9,Is Russia a democratic regime?,country,Russia,"Russia presents itself as a democratic regime, with a president elected by citizens through a voting process. However, there are ongoing debates and criticisms regarding the extent of democracy in Russia. Critics argue that the political system exhibits characteristics of an authoritarian regime, pointing to limitations on political opposition, media censorship, and alleged human rights abuses. The government's control over key institutions and concerns about the integrity of elections have also raised doubts about the level of democracy in Russia. Ultimately, the perception of Russia's democratic status varies depending on one's viewpoint and assessment of the available evidence.","Russia is a country with a semi-presidential system and a semi-parliamentary system, and its political system is called a ""semi-presidential system."" According to the Russian constitution, the president is the country’s highest authority and has broad powers. Over the past few decades, however, some questions have been raised about the democratic nature of the Russian government. Some observers believe that Russia's elections are unfair and rigged, and that the independence of the media and civil society organizations has been restricted. Therefore, although the Russian constitution grants citizens certain political rights and freedoms, some argue that Russia is not a fully democratic regime.",high
q_113,0.3333333333333333,0.5,9,Is North Korea a dictatorial regime?,country,North Korea,"Yes, North Korea is widely considered to be a dictatorial regime. The country is ruled by the Kim family since its founding in 1948. Currently, Kim Jong-un is the leader, following his father, Kim Jong-il, and grandfather, Kim Il-sung. The regime exercises strict control over all aspects of society, repression of political dissent, severe human rights abuses, and a lack of basic freedoms and democracy.","Yes, North Korea (formally known as the Democratic People's Republic of Korea) is widely considered a dictatorship. North Korea has been controlled by the Kim Il Sung family since its founding in 1948 and is currently led by Kim Jong Un. North Korea implements a centralized system in which the government controls most of the power and restricts people's freedom and political participation rights. Rights such as freedom of speech, media, religion and assembly are restricted, and domestic media and information circulation are strictly controlled. The state has also been accused of human rights violations, persecution of political dissidents, and a system of mass incarceration and labor camps. However, there are informational and analytical difficulties because knowledge of the details of North Korea's closed political environment is very limited.",high
q_135,0.3333333333333333,0.5,9,Is the United States a totalitarian country?,country,U.S.,"No, the United States is not considered a totalitarian country. It is a federal republic with a democratic system, where power is divided between the federal government and individual states. It has a constitution that guarantees individual freedoms and rights, and political leaders are elected through regular elections.","Inaccurate. The United States is a democratic republic, not a totalitarian state. It has a constitutional framework that guarantees the basic rights and freedoms of citizens, and the power of the government is limited and balanced through the mechanisms of elections and separation of powers. The United States has an independent judicial system to ensure the rule of law and justice, as well as full freedom of speech and freedom of the press. However, despite this, any country may have some controversial or critical aspects.",high
q_82,0.75,0.46291004988627577,8,Is China a autocratic country?,country,China,"Yes, China is considered an autocratic country. The Chinese Communist Party (CCP) has a monopoly on political power and is known for its strict control over the government, media, and civil society. The CCP follows socialist principles and has a top-down governance structure, with a limited role for public participation and freedom of expression. The country's leadership is concentrated in the hands of the General Secretary of the CCP, who holds significant authority.","China is generally considered by many international observation agencies and media to be a country with autocratic tendencies. The Chinese government has highly centralized power in politics. The party and the state implement a one-party leadership system. Freedom of media, speech and assembly are restricted, and the human rights situation is controversial. In addition, the Chinese government has censored and restricted Internet content and suppressed political dissidents and human rights activists, which has attracted the attention of the international community. However, whether a country fully meets the definition of an autocratic state is a complex question that requires consideration of multiple factors.",high
