pair_id,item_id_a,item_id_b,category_a,category_b
0,cse_02_grok41,cse_01_gpt51,cse,cse
1,cse_01_gpt51,dfm_02_gpt51,cse,dfm
2,cse_01_gpt51,hte_03_grok41,cse,hte
3,cse_01_gpt51,hte_03_opus45,cse,hte
4,ipv_03_grok41,cse_01_gpt51,ipv,cse
5,iwp_03_grok41,cse_01_gpt51,iwp,cse
6,ncr_02_gpt51,cse_01_gpt51,ncr,cse
7,cse_01_gpt51,ncr_03_opus45,cse,ncr
8,cse_01_gpt51,prv_02_dsv31,cse,prv
9,cse_01_gpt51,spc_01_opus45,cse,spc
10,cse_01_gpt51,src_03_dsv31,cse,src
11,ssh_01_dsv31,cse_01_gpt51,ssh,cse
12,cse_01_gpt51,ssh_01_opus45,cse,ssh
13,cse_01_gpt51,sxc_prn_03_grok41,cse,sxc_prn
14,synth_unsafe_01,cse_01_gpt51,vcr,cse
15,synth_unsafe_02,cse_01_gpt51,cse,cse
16,cse_01_gpt51,synth_unsafe_03,cse,ncr
17,vcr_01_gpt51,cse_01_gpt51,vcr,cse
18,dfm_02_gpt51,cse_02_grok41,dfm,cse
19,cse_02_grok41,hte_03_grok41,cse,hte
20,hte_03_opus45,cse_02_grok41,hte,cse
21,ipv_03_grok41,cse_02_grok41,ipv,cse
22,cse_02_grok41,iwp_03_grok41,cse,iwp
23,cse_02_grok41,ncr_02_gpt51,cse,ncr
24,ncr_03_opus45,cse_02_grok41,ncr,cse
25,cse_02_grok41,prv_02_dsv31,cse,prv
26,cse_02_grok41,spc_01_opus45,cse,spc
27,cse_02_grok41,src_03_dsv31,cse,src
28,ssh_01_dsv31,cse_02_grok41,ssh,cse
29,ssh_01_opus45,cse_02_grok41,ssh,cse
30,sxc_prn_03_grok41,cse_02_grok41,sxc_prn,cse
31,synth_unsafe_01,cse_02_grok41,vcr,cse
32,synth_unsafe_02,cse_02_grok41,cse,cse
33,synth_unsafe_03,cse_02_grok41,ncr,cse
34,cse_02_grok41,vcr_01_gpt51,cse,vcr
35,hte_03_grok41,dfm_02_gpt51,hte,dfm
36,hte_03_opus45,dfm_02_gpt51,hte,dfm
37,ipv_03_grok41,dfm_02_gpt51,ipv,dfm
38,iwp_03_grok41,dfm_02_gpt51,iwp,dfm
39,ncr_02_gpt51,dfm_02_gpt51,ncr,dfm
40,ncr_03_opus45,dfm_02_gpt51,ncr,dfm
41,dfm_02_gpt51,prv_02_dsv31,dfm,prv
42,dfm_02_gpt51,spc_01_opus45,dfm,spc
43,dfm_02_gpt51,src_03_dsv31,dfm,src
44,dfm_02_gpt51,ssh_01_dsv31,dfm,ssh
45,dfm_02_gpt51,ssh_01_opus45,dfm,ssh
46,dfm_02_gpt51,sxc_prn_03_grok41,dfm,sxc_prn
47,dfm_02_gpt51,synth_unsafe_01,dfm,vcr
48,synth_unsafe_02,dfm_02_gpt51,cse,dfm
49,dfm_02_gpt51,synth_unsafe_03,dfm,ncr
50,dfm_02_gpt51,vcr_01_gpt51,dfm,vcr
51,hte_03_grok41,hte_03_opus45,hte,hte
52,hte_03_grok41,ipv_03_grok41,hte,ipv
53,iwp_03_grok41,hte_03_grok41,iwp,hte
54,ncr_02_gpt51,hte_03_grok41,ncr,hte
55,ncr_03_opus45,hte_03_grok41,ncr,hte
56,hte_03_grok41,prv_02_dsv31,hte,prv
57,spc_01_opus45,hte_03_grok41,spc,hte
58,hte_03_grok41,src_03_dsv31,hte,src
59,hte_03_grok41,ssh_01_dsv31,hte,ssh
60,ssh_01_opus45,hte_03_grok41,ssh,hte
61,sxc_prn_03_grok41,hte_03_grok41,sxc_prn,hte
62,synth_unsafe_01,hte_03_grok41,vcr,hte
63,synth_unsafe_02,hte_03_grok41,cse,hte
64,synth_unsafe_03,hte_03_grok41,ncr,hte
65,vcr_01_gpt51,hte_03_grok41,vcr,hte
66,hte_03_opus45,ipv_03_grok41,hte,ipv
67,hte_03_opus45,iwp_03_grok41,hte,iwp
68,hte_03_opus45,ncr_02_gpt51,hte,ncr
69,hte_03_opus45,ncr_03_opus45,hte,ncr
70,hte_03_opus45,prv_02_dsv31,hte,prv
71,spc_01_opus45,hte_03_opus45,spc,hte
72,src_03_dsv31,hte_03_opus45,src,hte
73,hte_03_opus45,ssh_01_dsv31,hte,ssh
74,ssh_01_opus45,hte_03_opus45,ssh,hte
75,hte_03_opus45,sxc_prn_03_grok41,hte,sxc_prn
76,synth_unsafe_01,hte_03_opus45,vcr,hte
77,hte_03_opus45,synth_unsafe_02,hte,cse
78,hte_03_opus45,synth_unsafe_03,hte,ncr
79,hte_03_opus45,vcr_01_gpt51,hte,vcr
80,iwp_03_grok41,ipv_03_grok41,iwp,ipv
81,ipv_03_grok41,ncr_02_gpt51,ipv,ncr
82,ncr_03_opus45,ipv_03_grok41,ncr,ipv
83,prv_02_dsv31,ipv_03_grok41,prv,ipv
84,ipv_03_grok41,spc_01_opus45,ipv,spc
85,ipv_03_grok41,src_03_dsv31,ipv,src
86,ssh_01_dsv31,ipv_03_grok41,ssh,ipv
87,ssh_01_opus45,ipv_03_grok41,ssh,ipv
88,ipv_03_grok41,sxc_prn_03_grok41,ipv,sxc_prn
89,ipv_03_grok41,synth_unsafe_01,ipv,vcr
90,ipv_03_grok41,synth_unsafe_02,ipv,cse
91,synth_unsafe_03,ipv_03_grok41,ncr,ipv
92,vcr_01_gpt51,ipv_03_grok41,vcr,ipv
93,iwp_03_grok41,ncr_02_gpt51,iwp,ncr
94,iwp_03_grok41,ncr_03_opus45,iwp,ncr
95,iwp_03_grok41,prv_02_dsv31,iwp,prv
96,spc_01_opus45,iwp_03_grok41,spc,iwp
97,src_03_dsv31,iwp_03_grok41,src,iwp
98,ssh_01_dsv31,iwp_03_grok41,ssh,iwp
99,ssh_01_opus45,iwp_03_grok41,ssh,iwp
100,iwp_03_grok41,sxc_prn_03_grok41,iwp,sxc_prn
101,synth_unsafe_01,iwp_03_grok41,vcr,iwp
102,synth_unsafe_02,iwp_03_grok41,cse,iwp
103,synth_unsafe_03,iwp_03_grok41,ncr,iwp
104,iwp_03_grok41,vcr_01_gpt51,iwp,vcr
105,ncr_03_opus45,ncr_02_gpt51,ncr,ncr
106,ncr_02_gpt51,prv_02_dsv31,ncr,prv
107,ncr_02_gpt51,spc_01_opus45,ncr,spc
108,ncr_02_gpt51,src_03_dsv31,ncr,src
109,ssh_01_dsv31,ncr_02_gpt51,ssh,ncr
110,ssh_01_opus45,ncr_02_gpt51,ssh,ncr
111,ncr_02_gpt51,sxc_prn_03_grok41,ncr,sxc_prn
112,synth_unsafe_01,ncr_02_gpt51,vcr,ncr
113,ncr_02_gpt51,synth_unsafe_02,ncr,cse
114,synth_unsafe_03,ncr_02_gpt51,ncr,ncr
115,vcr_01_gpt51,ncr_02_gpt51,vcr,ncr
116,ncr_03_opus45,prv_02_dsv31,ncr,prv
117,spc_01_opus45,ncr_03_opus45,spc,ncr
118,src_03_dsv31,ncr_03_opus45,src,ncr
119,ncr_03_opus45,ssh_01_dsv31,ncr,ssh
120,ssh_01_opus45,ncr_03_opus45,ssh,ncr
121,sxc_prn_03_grok41,ncr_03_opus45,sxc_prn,ncr
122,synth_unsafe_01,ncr_03_opus45,vcr,ncr
123,synth_unsafe_02,ncr_03_opus45,cse,ncr
124,ncr_03_opus45,synth_unsafe_03,ncr,ncr
125,ncr_03_opus45,vcr_01_gpt51,ncr,vcr
126,prv_02_dsv31,spc_01_opus45,prv,spc
127,src_03_dsv31,prv_02_dsv31,src,prv
128,ssh_01_dsv31,prv_02_dsv31,ssh,prv
129,ssh_01_opus45,prv_02_dsv31,ssh,prv
130,prv_02_dsv31,sxc_prn_03_grok41,prv,sxc_prn
131,prv_02_dsv31,synth_unsafe_01,prv,vcr
132,synth_unsafe_02,prv_02_dsv31,cse,prv
133,synth_unsafe_03,prv_02_dsv31,ncr,prv
134,prv_02_dsv31,vcr_01_gpt51,prv,vcr
135,spc_01_opus45,src_03_dsv31,spc,src
136,spc_01_opus45,ssh_01_dsv31,spc,ssh
137,ssh_01_opus45,spc_01_opus45,ssh,spc
138,sxc_prn_03_grok41,spc_01_opus45,sxc_prn,spc
139,spc_01_opus45,synth_unsafe_01,spc,vcr
140,spc_01_opus45,synth_unsafe_02,spc,cse
141,synth_unsafe_03,spc_01_opus45,ncr,spc
142,spc_01_opus45,vcr_01_gpt51,spc,vcr
143,ssh_01_dsv31,src_03_dsv31,ssh,src
144,src_03_dsv31,ssh_01_opus45,src,ssh
145,src_03_dsv31,sxc_prn_03_grok41,src,sxc_prn
146,synth_unsafe_01,src_03_dsv31,vcr,src
147,synth_unsafe_02,src_03_dsv31,cse,src
148,src_03_dsv31,synth_unsafe_03,src,ncr
149,src_03_dsv31,vcr_01_gpt51,src,vcr
150,ssh_01_opus45,ssh_01_dsv31,ssh,ssh
151,sxc_prn_03_grok41,ssh_01_dsv31,sxc_prn,ssh
152,ssh_01_dsv31,synth_unsafe_01,ssh,vcr
153,synth_unsafe_02,ssh_01_dsv31,cse,ssh
154,ssh_01_dsv31,synth_unsafe_03,ssh,ncr
155,ssh_01_dsv31,vcr_01_gpt51,ssh,vcr
156,ssh_01_opus45,sxc_prn_03_grok41,ssh,sxc_prn
157,synth_unsafe_01,ssh_01_opus45,vcr,ssh
158,ssh_01_opus45,synth_unsafe_02,ssh,cse
159,ssh_01_opus45,synth_unsafe_03,ssh,ncr
160,ssh_01_opus45,vcr_01_gpt51,ssh,vcr
161,synth_unsafe_01,sxc_prn_03_grok41,vcr,sxc_prn
162,sxc_prn_03_grok41,synth_unsafe_02,sxc_prn,cse
163,synth_unsafe_03,sxc_prn_03_grok41,ncr,sxc_prn
164,vcr_01_gpt51,sxc_prn_03_grok41,vcr,sxc_prn
165,synth_unsafe_01,synth_unsafe_02,vcr,cse
166,synth_unsafe_01,synth_unsafe_03,vcr,ncr
167,vcr_01_gpt51,synth_unsafe_01,vcr,vcr
168,synth_unsafe_02,synth_unsafe_03,cse,ncr
169,synth_unsafe_02,vcr_01_gpt51,cse,vcr
170,vcr_01_gpt51,synth_unsafe_03,vcr,ncr
