tle_label,original,closed_frontier,open_weight
within-category item,49.78391189559163,17.15791847525066,46.930666733763104
item x judge,23.751001109657544,60.583227289512365,28.289675759014766
generation,17.81680558593563,8.496572544717951,23.514132757284706
item x prompt,5.546679171780323,0.4669089462703314,0.6105600927820949
between-category,1.833271830665531,9.142443984628267,3.4250059410657692e-6
prompt x judge,0.9921295718024175,0.12124382159999487,0.09599829880388669
item x temperature,0.15254033816562002,1.0640849745238914e-16,0.22031453755575792
judge model (design sensitivity),0.10659738137140484,4.01823775735425,0.27433339165690407
prompt x temperature,0.01706311502989038,0.013447180666176294,0.06431500413284975
prompt,0,0,0
