tier,tle_label,vcov,pct
original,item x judge,0.011376538820517817,23.751001109657544
original,item x temperature,7.306559714362767e-5,0.15254033816562002
original,item x prompt,0.002656814785674788,5.546679171780323
original,within-category item,0.02384609405315308,49.78391189559163
original,between-category,8.781224864516415e-4,1.833271830665531
original,prompt x judge,4.7522209849101664e-4,0.9921295718024175
original,prompt x temperature,8.173095089350862e-6,0.01706311502989038
original,prompt,0,0
original,generation,0.008534106813863811,17.81680558593563
original,judge model (design sensitivity),5.105928974270573e-5,0.10659738137140484
closed_frontier,item x judge,0.03002054928995562,60.583227289512365
closed_frontier,item x temperature,5.272815076975205e-20,1.0640849745238914e-16
closed_frontier,item x prompt,2.313654069375766e-4,0.4669089462703314
closed_frontier,within-category item,0.008502190463340841,17.15791847525066
closed_frontier,between-category,0.0045303164349368265,9.142443984628267
closed_frontier,prompt x judge,6.007943593119416e-5,0.12124382159999487
closed_frontier,prompt x temperature,6.663424318264524e-6,0.013447180666176294
closed_frontier,prompt,0,0
closed_frontier,generation,0.004210270503673624,8.496572544717951
closed_frontier,judge model (design sensitivity),0.001991140288333506,4.01823775735425
open_weight,item x judge,0.010668149714523062,28.289675759014766
open_weight,item x temperature,8.30814920238801e-5,0.22031453755575792
open_weight,item x prompt,2.302446494968002e-4,0.6105600927820949
open_weight,within-category item,0.01769774186113218,46.930666733763104
open_weight,between-category,1.2915834194662786e-9,3.4250059410657692e-6
open_weight,prompt x judge,3.6201341885406264e-5,0.09599829880388669
open_weight,prompt x temperature,2.4253444925425546e-5,0.06431500413284975
open_weight,prompt,0,0
open_weight,generation,0.008867273375586422,23.514132757284706
open_weight,judge model (design sensitivity),1.0345221765067942e-4,0.27433339165690407
