V,M,sigma_pipeline,mean_gaming_adv,sd_gaming_adv,K_TRIES
1,1,0.038025693548307295,0.05861082757508,0.02227365771232141,10
2,1,0.03232677437884557,0.05101488010929615,0.01932968102696254,10
3,1,0.030189004605062006,0.0462900238906951,0.017142660287834954,10
4,1,0.029061208297252363,0.044519658558190005,0.016914246003509485,10
5,1,0.0283630133252338,0.04494752768851088,0.016510525629984448,10
6,1,0.02788784065409375,0.04271982030167442,0.016654837574412083,10
7,1,0.027543413139832638,0.04170801825312325,0.01652049343248654,10
8,1,0.027282239106679665,0.04131000587284563,0.01541458823570765,10
1,2,0.027040487765816554,0.041667317935550036,0.01609786984271709,10
2,2,0.02294811141945205,0.03553038641476237,0.013081932311314886,10
3,2,0.021410864004558276,0.0328402081113753,0.012822986606065696,10
4,2,0.020599265454688938,0.031531757184008344,0.012039117411713056,10
5,2,0.02009657983795681,0.030960480312735895,0.01173472986375991,10
6,2,0.019754350840353953,0.029869527794176218,0.011770049085005589,10
7,2,0.019506225817739954,0.029602098233793395,0.011195602855364174,10
8,2,0.019318040714557956,0.02924304273589972,0.011145664046224336,10
1,3,0.02220209107736867,0.03494533007695842,0.013431185573491409,10
2,3,0.018809952411224195,0.029220677863223188,0.011211381461382588,10
3,3,0.017534008770028434,0.027811278384779207,0.010321443531593996,10
4,3,0.01685986478192787,0.026665204079513023,0.009576989878443874,10
5,3,0.016442116245038718,0.025023618737798074,0.009672098745763845,10
6,3,0.0161576179365137,0.024609109492903233,0.009474118432130097,10
7,3,0.01595129853877268,0.024246203252731347,0.009480254485464813,10
8,3,0.01579479046524765,0.024084696669292086,0.009260791702569398,10
