cor_likert,cor_winrate,cor_bt,tau_likert,tau_winrate,tau_bt,sigma2_ref,sim_id
0.9704797568761238,0.705424443592731,0.7029108919529516,0.8578977329896759,0.5108515730464862,0.49637583892617443,0,1
0.9623472448886157,0.7901186305189352,0.8028523644294648,0.8479450550604348,0.5454626834085978,0.5577628635346755,0,2
0.9558055957067468,0.7304891010900635,0.7360789315052543,0.8269812243899312,0.5087703618011286,0.5083668903803131,0,3
0.9666491069462995,0.6604705807001772,0.6790920850481834,0.8377423355565187,0.45354459207701864,0.46165548098433995,0,4
0.9595397995119194,0.7616218713136483,0.758606565708975,0.8255790906409269,0.5454626834085978,0.5439821029082773,0,5
0.9675865392867447,0.742098733025923,0.7476951346838577,0.8517061377843274,0.5293064876957494,0.5266219239373601,0,6
0.9649057089347327,0.7645284743497689,0.766988996560351,0.8482787844834058,0.547073565820633,0.545055928411633,0,7
0.9639654185644965,0.7531583113592907,0.7749604527710695,0.8336693171766623,0.5243891608222688,0.5579418344519015,0,8
0.961254136800867,0.702875810446579,0.7223228207920348,0.8164235998506689,0.4878048902610238,0.5049664429530201,0,9
0.964234345406251,0.6830842378796902,0.6743969108443112,0.8336099733722594,0.5031547904112379,0.49888143176733774,0,10
0.9636863932758456,0.6894834837019962,0.6990836604516657,0.8397817522799527,0.48937217964579305,0.5003131991051454,0,11
0.9678314949106123,0.7652397105548745,0.7787025140754749,0.8589204740047742,0.5654450312732481,0.5717225950782997,0,12
0.9686135808080653,0.7171649735549445,0.7230813347937313,0.8350566901123324,0.5101355932664632,0.5119463087248322,0,13
0.9613419870142306,0.6882867248547152,0.6889262224258645,0.8342222475810421,0.46874580565067575,0.45521252796420575,0,14
0.9688392711515023,0.7708734144891042,0.7899286616087106,0.8436944260259595,0.5442097748659038,0.5722595078299776,0,15
0.9673403164088739,0.7526875909344665,0.762944656692506,0.846126626886968,0.5387265654862673,0.5439821029082773,0,16
0.962916707853081,0.687197991012508,0.6937645141079907,0.8383200056457113,0.4930195115501174,0.505324384787472,0,17
0.9627500611963652,0.7424305085214431,0.7441681692598074,0.8354081126474597,0.5526068610039562,0.5579418344519015,0,18
0.9537226317058768,0.7718744587360566,0.7753878144074274,0.8159191794196738,0.5721956245380719,0.5785234899328858,0,19
0.9676243179145158,0.7561173804459593,0.7612668982797136,0.858306990506431,0.5476105266246448,0.5518568232662191,0,20
0.9638625956542827,0.7042117804319762,0.7144563266385984,0.8469950249052276,0.4933100684359201,0.4935123042505592,0,21
0.9659152865850569,0.7340673449819977,0.7337171313354991,0.8431611482852258,0.5096652964744816,0.5085458612975391,0,22
0.9690049668360337,0.7618552109006391,0.7834911050870753,0.8633475843106613,0.5726174496644294,0.5903355704697986,0,23
0.9662807314760395,0.6888860703046433,0.7156458627949435,0.8453102421211269,0.49313107349091434,0.516062639821029,0,24
0.9713489788758436,0.7497722253423305,0.7440012399423512,0.8569255422172389,0.5438353235277029,0.5370022371364652,0,25
0.9574633485584325,0.6801467862356254,0.6926315994705194,0.8193742879755288,0.4860390210979647,0.497986577181208,0,26
0.9520970572424365,0.6843834758587628,0.6960228187333253,0.8088822608215207,0.4770896743644356,0.49190156599552565,0,27
0.957792239496289,0.722883240895607,0.7611799998107116,0.8284232447316593,0.4571812080536912,0.487069351230425,0,28
0.9654506791448334,0.7307479959094587,0.7337302984122843,0.839221142919407,0.5157970189142747,0.516062639821029,0,29
0.9725393813268799,0.7212365806652201,0.7397872071564979,0.8735841234662184,0.5170299676383748,0.5386129753914988,0,30
0.9703238639874499,0.7295613951654363,0.7217367047628339,0.8584602471509616,0.5408090231071627,0.526800894854586,0,31
0.9614656801863836,0.7063446111864539,0.7136303355619721,0.8307294239431116,0.5133780760626397,0.5201789709172259,0,32
0.9460753054576878,0.6902412672805306,0.7205808680658963,0.7821066484654822,0.4634866673294714,0.4827740492170022,0,33
0.9527193234970233,0.704796197963251,0.7103918749302645,0.8114338643616174,0.48937217964579305,0.4840268456375838,0,34
0.9628124671668867,0.7426810163188733,0.7364570921355243,0.8358705080324208,0.5326412820223028,0.5250111856823265,0,35
0.9631063190566765,0.7225994083442112,0.7111876473378028,0.855160255535674,0.515883668903803,0.505324384787472,0,36
0.9718243852493664,0.7021084773538351,0.7246062150303882,0.8594333861781661,0.494160813058998,0.5185682326621923,0,37
0.9641361065726058,0.7710759236647311,0.786194715655535,0.8493532351287298,0.5623517836404823,0.5726174496644294,0,38
0.9610506684708664,0.7230104780228469,0.72853494625641535,0.8403944257521352,0.5248131787569368,0.5221476510067113,0,39
0.9618570692130937,0.6805339027623768,0.6911873801170176,0.8325648976565477,0.4702881708469535,0.4818791946308724,0,40
0.9728786800858954,0.7184602332429205,0.7234629224197204,0.8652401413087608,0.5240971989769136,0.5296644295302012,0,41
0.9664045271256986,0.6758156532758622,0.6895059279414891,0.8426951030442598,0.4912296422034116,0.5198210290827739,0,42
0.958752176860117,0.7317168481378421,0.7389973375775069,0.8289300234824695,0.5134240221025638,0.5253691275167784,0,43
0.9640324579678853,0.6398850967566339,0.6552483903638302,0.8432367105158103,0.44211751416426803,0.44501118568232656,0,44
0.96687906780235,0.7300502884791994,0.7389487713126068,0.8409553438661908,0.5289485458612975,0.5382550335570468,0,45
0.9603464372229322,0.6418500408248382,0.6713701497075515,0.8250943034824788,0.44165026129966045,0.4589709172259507,0,46
0.9699795015703673,0.7610091482559008,0.7740897081731634,0.8530362792435267,0.5603687550619944,0.5731543624161073,0,47
0.9674991851303776,0.7290318075771424,0.7402942635353591,0.8506545815925725,0.5078299776286352,0.5199999999999999,0,48
0.9702451131272566,0.7734509715126833,0.7777449859565158,0.8601498792054092,0.5729628189634907,0.5787024608501118,0,49
0.963611065197567,0.7859978862430377,0.7824315187656865,0.8335127192566406,0.5852610860930545,0.5803131991051453,0,50
0.9579292183499238,0.6514046847647008,0.6793636861622572,0.8162974753364611,0.4422268038270746,0.4684563758389261,0,51
0.9621981529533837,0.729195941537877,0.7440374678217138,0.8263265799039999,0.5088826286514226,0.5216107382550335,0,52
0.9704112047311497,0.6816087980262102,0.6981701207702766,0.8526267024193561,0.483354217077906,0.505503355704698,0,53
0.964403734100737,0.6976884760847757,0.7059383021786046,0.8435431720939398,0.4969344496750833,0.5004921700223712,0,54
0.9573531930292337,0.6495705730929962,0.6669085980374159,0.834079676735083,0.4449118481733228,0.44572706935123035,0,55
0.962501449206272,0.7426283285577318,0.7595076169229661,0.8368471204084567,0.5517118061594405,0.5548993288590603,0,56
0.9611334977052468,0.7086238328801637,0.7261510004548726,0.8346622246173023,0.4943397919844087,0.5130201342281878,0,57
0.9595732619192455,0.666230208933216,0.6965816914450592,0.8069847353808894,0.46900873852619535,0.4965548098434004,0,58
0.9629023350719688,0.8100703916559739,0.8075708944883366,0.8287377732690011,0.6021476510067113,0.6017897091722594,0,59
0.9676556137093211,0.7140757013047073,0.7076047500299292,0.8492994933439536,0.4949210229409721,0.5046085011185681,0,60
0.9657094708195249,0.7050192139840209,0.709561636702309,0.8400361631812081,0.5125749656987768,0.5146308724832214,0,61
0.9638497102726837,0.7115752851604482,0.7325802540637913,0.8453859969487308,0.5012307129287584,0.523400447427293,0,62
0.9564856286766426,0.728578451053805,0.7330782856403014,0.8220489609471502,0.5360418816051065,0.5531096196868008,0,63
0.9677403815311646,0.6418534383296928,0.6687894490332128,0.8446935766032598,0.42131639041683494,0.4378523489932885,0,64
0.9584909936576981,0.7425068849219792,0.7670929338030337,0.8209954815429951,0.5001789889369407,0.5157046979865771,0,65
0.9529793637792422,0.6231511917153774,0.6479992787259811,0.8069313434522736,0.4367168077252366,0.4378523489932885,0,66
0.9717296471161382,0.7619662084438034,0.77180365167407,0.8559533219105899,0.5464065244615038,0.5427293064876957,0,67
0.9604719173765573,0.7196965477346867,0.7255694298653059,0.8163908335000226,0.5179650101386237,0.526979865771812,0,68
0.9602358350710217,0.7158772256772216,0.7247934551535093,0.8386783003377278,0.49872455936411464,0.5042505592841162,0,69
0.9606177898081265,0.734050392873769,0.7456851572019845,0.8266229136341295,0.5201127572435524,0.5312751677852348,0,70
0.966702837109249,0.6841678163340659,0.7038584303370343,0.8419593344433693,0.4871129427059882,0.49064876957494397,0,71
0.9595753405519404,0.7109368754499579,0.7355665692310571,0.8374532542998654,0.5126208562907214,0.5336017897091722,0,72
0.9672341220572299,0.697638028300562,0.7046919153233483,0.8467945789461814,0.4960622894395173,0.5019239373601789,0,73
0.9629142126615172,0.7455008379122187,0.7443936583977985,0.8310131272933631,0.5399624180305083,0.534317673378076,0,74
0.9664158331915637,0.7166385704043918,0.7175696527376556,0.8506563465944375,0.514252477001596,0.5137360178970917,0,75
0.9693921420298556,0.7928589416945554,0.800397756679738,0.8505534685503252,0.6013516832746888,0.6048322147651005,0,76
0.9622187784579979,0.7484683762578821,0.7646079094397441,0.8301701816488546,0.5458533141722316,0.5688590604026845,0,77
0.9649522350161823,0.760189277802617,0.7680036703776938,0.8390475875817351,0.5501163437100329,0.5686800894854586,0,78
0.9598968607504773,0.6549627988314389,0.6693933901146437,0.828593622791038,0.47322027878594375,0.47293064876957486,0,79
0.9705766275440745,0.7455927415998379,0.7627352932310048,0.8570279651270502,0.5327069351230425,0.5436241610738254,0,80
0.9624421804471218,0.6419298310126359,0.6580113298991747,0.833079823342193,0.46230256433588984,0.46827740492170017,0,81
0.955085977070358,0.7352794670124174,0.7387681490388505,0.8173923486252669,0.5308332672532644,0.5348545861297538,0,82
0.9595482755368919,0.7274734123463396,0.7440221520575027,0.8307596574016343,0.4997538864561281,0.5019239373601789,0,83
0.9511665631238742,0.7114748969361299,0.7238483542262821,0.7944116439558496,0.47494183114838867,0.46720357941834445,0,84
0.9582865546394197,0.7182451886699067,0.7342207355562796,0.8351768863923584,0.5157508522532813,0.5346756152125279,0,85
0.9672142291879221,0.7277113436540351,0.7336687360821952,0.853138931202953,0.5176733780760625,0.5201789709172259,0,86
0.9668465019231725,0.733873223368169,0.7435301054787852,0.8449520598151434,0.5340075195896806,0.5441610738255033,0,87
0.95737950686782,0.7097790981204449,0.7094493713132297,0.8293187406183005,0.5001566471153397,0.4915436241610737,0,88
0.9661570719450348,0.7189679606529926,0.7335959537772534,0.8374012255904391,0.5343477421758371,0.5575838926174496,0,89
0.972027683994672,0.7029442034678338,0.6996118545775553,0.8610454954894632,0.5136030090372343,0.5180313199105144,0,90
0.963233331278744,0.7722783805207484,0.7942242238506079,0.833288686805542,0.5663400059982769,0.5982102908277404,0,91
0.973214764016314,0.758671965663182,0.7582631525524272,0.864475518162919,0.5595882887911782,0.5618791946308724,0,92
0.9520285454514333,0.6373385287159609,0.6535508294979864,0.8073808935881035,0.43789153567157824,0.4426845637583892,0,93
0.9612166683816431,0.775774176677727,0.7755551201992024,0.8265178754491725,0.5650870413832365,0.5685011185682326,0,94
0.956581227288505,0.7091100026818734,0.7370840537231449,0.8331247326114714,0.4901557205953881,0.516062639821029,0,95
0.9672979860889602,0.7760379975029039,0.76907785634479,0.8448246645191099,0.5706998411971499,0.5658165548098433,0,96
0.9620738452141188,0.7587434739312642,0.7838951175632568,0.8345647729416211,0.5229764200501239,0.5430872483221476,0,97
0.962175463559376,0.7137445050750381,0.7209517793299511,0.8475868567057784,0.5062645447157404,0.5165995525727068,0,98
0.967650475092654,0.7477703888419254,0.7580807557906819,0.8452345076549874,0.530051478922162,0.5387919463087247,0,99
0.9603223488106605,0.7958338101060894,0.8049370027407268,0.8454858994860421,0.6048239191745189,0.6087695749440715,0,100
0.9685678040265338,0.6602463496093508,0.668220109947528,0.8515519628784913,0.448272777882472,0.4586129753914988,0.25,1
0.9618412621312152,0.7426722395100255,0.7463424564827315,0.8470768524623653,0.5309647417002807,0.5316331096196867,0.25,2
0.9569238589546256,0.7450582326701608,0.7671582404468167,0.8302362953180075,0.542630828224347,0.5586577181208052,0.25,3
0.967322265063707,0.7024513834890267,0.7201510452464203,0.8425483810416771,0.512887061298552,0.5294854586129754,0.25,4
0.9557913870518838,0.6681820258284042,0.6849814456862605,0.8202053929366032,0.46272930648769567,0.47346756152125274,0.25,5
0.9645527217985909,0.7594690277374877,0.763600762645379,0.8502199663009534,0.5590012132530401,0.5676062639821028,0.25,6
0.9636631858392984,0.7053915443524988,0.7122495710826733,0.8473045919079271,0.5092617449664428,0.5208948545861297,0.25,7
0.9650898772524822,0.7259468769027866,0.7390271925809905,0.8379444310533005,0.5132450351678931,0.5219686800894854,0.25,8
0.9590203344071196,0.7724078168496598,0.7771604445942291,0.8185932836253061,0.559910514541387,0.559552572706935,0.25,9
0.9627687480727144,0.7095930750083955,0.7295074657749433,0.8320797974227407,0.5078299776286352,0.5289485458612975,0.25,10
0.9642182608805089,0.7220252340257304,0.73595238190426715,0.8404413512290597,0.5307017735197639,0.5387919463087247,0.25,11
0.9688297460280277,0.7037698438917612,0.7148728884933421,0.8614531685861603,0.4863969949673059,0.4997762863534675,0.25,12
0.9658969360846033,0.6856903595744085,0.7063066993507804,0.8375052800280223,0.4921920448794801,0.5187472035794183,0.25,13
0.9588523707560981,0.6421098881840557,0.643269334431258,0.8238090706190412,0.45500515020468396,0.46612975391498873,0.25,14
0.9672580808600509,0.749672902153166,0.7431571387914022,0.8465881309909771,0.5532086368053325,0.5366442953020133,0.25,15
0.9636259342043395,0.7313172683963367,0.7386906678365831,0.8376093225424811,0.5321700223713646,0.5420134228187918,0.25,16
0.9622661646232725,0.6691824192807532,0.6677460062001587,0.8391459539981506,0.5067561521252796,0.5060402684563757,0.25,17
0.9641505779973483,0.747573741265805,0.7710053226015026,0.8382217088389958,0.5461297539149887,0.5697539149888142,0.25,18
0.9521711462207306,0.7689281068279916,0.7732435785101384,0.8137371121907457,0.5519710059666606,0.5722595078299776,0.25,19
0.9637661223560309,0.7406691287312673,0.7492988243288662,0.8511672004065344,0.5227974411247132,0.5325279642058165,0.25,20
0.9638303218644368,0.7435477868035526,0.7274920316712677,0.8413750427483974,0.5549340035996968,0.5423713646532438,0.25,21
0.9639999281523243,0.7299187114523732,0.7419923176102912,0.8438257739818859,0.5412975391498881,0.5463087248322147,0.25,22
0.9683232875367593,0.8110113245847336,0.8115470924175157,0.8604310019791743,0.6030964763725252,0.6016107382550334,0.25,23
0.964671965909049,0.6810133601564615,0.6928364517685685,0.8414739303963529,0.47773750822041755,0.49225950782997757,0.25,24
0.9709898838460207,0.7096501860279488,0.7086286281042141,0.8557742147078465,0.5072048770062805,0.5105145413870246,0.25,25
0.9551191997400859,0.6955411092879217,0.7088513757936802,0.8194154525509414,0.4754105739353425,0.4811633109619686,0.25,26
0.9498418599740736,0.6962309550204614,0.7068224562769724,0.8073808935881035,0.4834653464606024,0.47812080536912743,0.25,27
0.9596256955093964,0.687398199058298,0.7038451601676732,0.8382217088389958,0.4599758383055505,0.4800894854586129,0.25,28
0.9622037939682077,0.6630218853625284,0.6569505854574422,0.8311541118053803,0.4787005567764709,0.4655928411633109,0.25,29
0.9722394003382234,0.7974627722076961,0.8027269115533808,0.8712003982503207,0.5971271365392705,0.6078747203579418,0.25,30
0.9696132023789934,0.7188931647828409,0.7197541683528046,0.8513214341654103,0.5198478536946837,0.5241163310961968,0.25,31
0.9609048644192552,0.7051913178895003,0.6993931313879996,0.8332219506889008,0.5230039572737359,0.5355704697986576,0.25,32
0.9423544713488655,0.6367652869358585,0.6527406981747716,0.780291642657955,0.4392929176882761,0.45771812080536906,0.25,33
0.952742106731982,0.5982488409428958,0.6140491435691012,0.8123239696369285,0.4137313903089627,0.4335570469798657,0.25,34
0.9613150643403074,0.7151843489456119,0.7308271401016817,0.8338413219955044,0.4916551081032479,0.49888143176733774,0.25,35
0.9604869178029904,0.6584179283925793,0.6839079789090419,0.8474837071371646,0.4470198693397779,0.46416107382550326,0.25,36
0.9697377769135147,0.7821515510119105,0.7911115769715295,0.8548786786941297,0.5728351004900096,0.5799552572706934,0.25,37
0.9645496772862298,0.7596250852001512,0.767296991993553,0.8452345076549874,0.5329992398731243,0.527158836689038,0.25,38
0.9610863460778173,0.7286496181784463,0.7321319796614211,0.8358640447042581,0.5253501635919542,0.5246532438478746,0.25,39
0.9608676947714346,0.8056646650719181,0.8030284954176873,0.8344604575813849,0.6111508884327014,0.6110961968680089,0.25,40
0.9717245515381983,0.678389199580828,0.6898416996835882,0.8643955441632678,0.49093919240160505,0.49941834451901557,0.25,41
0.9642438437793337,0.7331025550837762,0.7456705942381883,0.8375803488472497,0.5174743860116999,0.5282326621923936,0.25,42
0.9561908028067102,0.7265457656762249,0.712338734865756,0.82459959854602,0.524879185921481,0.5119463087248322,0.25,43
0.9649746264840241,0.6294662293640272,0.6364693303761341,0.8413136546219924,0.429875599834333,0.4285458612975391,0.25,44
0.9650323219613048,0.7248352828705199,0.7231908344224769,0.8332067071621813,0.5259342266373901,0.530917225950783,0.25,45
0.9603561656448903,0.6850140886628776,0.6890840392036648,0.8270954346754655,0.4829962432085648,0.4859955257270693,0.25,46
0.9685920908039047,0.7293860169506184,0.7569464220090051,0.8493532351287298,0.5339241152041476,0.5602684563758389,0.25,47
0.9668422714947745,0.7114025363800031,0.724831214112213,0.8463057581724316,0.4861018253977235,0.4852796420581655,0.25,48
0.9702763676190318,0.7194104567231249,0.7455015380915598,0.8586392981984433,0.47560651155678635,0.49404921700223703,0.25,49
0.9605783250323924,0.6709767986318744,0.6830717754190193,0.8258204143669448,0.46359690756496125,0.4709619686800894,0.25,50
0.9563663355984584,0.7230786451701455,0.7382927294939168,0.8162319017158852,0.5238713146771775,0.5348545861297538,0.25,51
0.9625340038637255,0.7228553347667389,0.7461822664721497,0.8261164604113593,0.5170963308523656,0.5400447427293064,0.25,52
0.9706103603671987,0.6348380335550105,0.6473656296567681,0.8610702635844022,0.46069175400719337,0.47167785234899323,0.25,53
0.9636561798336793,0.7011631984961696,0.7068637477515665,0.8383776718486937,0.5082334009971169,0.5178523489932885,0.25,54
0.9567384561595751,0.7673872122446614,0.7747623959274427,0.8339456994754483,0.543672814061892,0.5472035794183444,0.25,55
0.9590860679890019,0.7209473864159659,0.7312032987984173,0.8282965825869093,0.4706461447162947,0.46970917225950776,0.25,56
0.9595608160565711,0.6178735353959682,0.6414754887641612,0.8312064225091637,0.40628216068233447,0.42281879194630867,0.25,57
0.9572002941470927,0.7334229251462818,0.7386985462621091,0.8024538640190682,0.5313884295444278,0.5370022371364652,0.25,58
0.9627771062459253,0.6248233510497531,0.6272085553233817,0.825999473433373,0.4495950606317287,0.4586129753914988,0.25,59
0.9684803423732514,0.7565205243416069,0.780783791933918,0.8527556621722563,0.5378798097423585,0.5527516778523489,0.25,60
0.9639358713993024,0.7111279775876158,0.7143074286868623,0.8374072297939438,0.5147894618366133,0.5285906040268455,0.25,61
0.9631950499606321,0.6293995236084581,0.6442733182218023,0.8455375677248389,0.43280977702396767,0.4485906040268456,0.25,62
0.9540965832698862,0.6996280938248284,0.7021102588449797,0.8204373075223041,0.4730836396502674,0.4782997762863534,0.25,63
0.9627689649231559,0.6670056610247922,0.6871835767709632,0.8365576781536779,0.4330663059962704,0.4462639821029082,0.25,64
0.9569859192573549,0.7217025506665151,0.749242767387834,0.8148717315289046,0.4991050673289172,0.5212527964205815,0.25,65
0.9535984974780254,0.7322123593984307,0.7386772570180135,0.8112883026303606,0.5279219638108809,0.526979865771812,0.25,66
0.9714128073844349,0.7594260329226258,0.7740128820851213,0.8592032107258055,0.5595381980880575,0.5693959731543623,0.25,67
0.9543618376783616,0.7646708973393647,0.7820590331905402,0.802239461948404,0.5677078762750727,0.5803131991051453,0.25,68
0.9613023029895895,0.6935847797089171,0.7130871413390192,0.8434955107333203,0.47114093959731534,0.4743624161073825,0.25,69
0.960524081507559,0.6033037139671162,0.6131593106638494,0.8289824325203319,0.4003758561437807,0.4102908277404921,0.25,70
0.9663082337762335,0.7191971477907456,0.7355553957491502,0.8421857386067705,0.5236731489966026,0.5400447427293064,0.25,71
0.9607680101977742,0.7074462620650048,0.7107639628201592,0.8404364612336034,0.5041836328819983,0.5024608501118567,0.25,72
0.9642658859207368,0.7274679545170799,0.7335840238753872,0.8418511207556946,0.5249921737019426,0.5228635346756151,0.25,73
0.9633875117323294,0.7340916933481935,0.745077781994538,0.8350726232518988,0.5140734820565902,0.5214317673378075,0.25,74
0.9670174639575213,0.7769765490693537,0.780249870923326,0.8449003690458552,0.5997494054736343,0.5989261744966442,0.25,75
0.9682175646613937,0.8091307468246225,0.8251669284209714,0.8497607303103835,0.5956951769792244,0.614317673378076,0.25,76
0.9616146184319222,0.7160594524575943,0.714507778775007,0.83090849905066555,0.5225991312581033,0.5108724832214764,0.25,77
0.9616350436871315,0.7481685427933655,0.7426832803488045,0.8332219506889008,0.5311255447355808,0.5319910514541386,0.25,78
0.9584065538710657,0.7031510274370849,0.7098899188783409,0.825409735001643,0.4888590604026845,0.49941834451901557,0.25,79
0.9679002304590834,0.7933751172477325,0.78317466700722,0.8508372612778625,0.600295315827555,0.6089485458612974,0.25,80
0.9613519999191142,0.7200394136516446,0.7072905642993238,0.8306026805087583,0.5141399698412461,0.49691275167785226,0.25,81
0.9536409556072357,0.7350146372604123,0.7302305872451362,0.8182555028927847,0.5332259411722083,0.5330648769574943,0.25,82
0.9582170649647181,0.7235365744887262,0.7236488493846411,0.824967775835986,0.5359588408959652,0.5332438478747202,0.25,83
0.948544030987351,0.679672293117873,0.6920210254179253,0.7935135051663519,0.49093919240160505,0.4927964205816554,0.25,84
0.9580787447503408,0.6662356214669597,0.6813184526994674,0.8317438404547515,0.4664608266850537,0.4788366890380312,0.25,85
0.9660238559793415,0.7330963699230182,0.7527552019596849,0.8494047245862445,0.5032668119651165,0.5217897091722594,0.25,86
0.966516323090072,0.6660556017310904,0.690336855401163,0.8464059058360918,0.4670128309414181,0.4917225950782997,0.25,87
0.9581109981099423,0.7693736334831062,0.7895428651071716,0.8298477104363433,0.5501655865462513,0.5604474272930647,0.25,88
0.9635307165618965,0.7731945178513433,0.7843564909560108,0.8329753735689281,0.578627056616482,0.596062639821029,0.25,89
0.9683080670915444,0.7119321385299824,0.6960843003629921,0.8457167070400348,0.5148559175799283,0.4953020134228187,0.25,90
0.9606665459993663,0.7727339748379833,0.7767578447419958,0.8273486496676901,0.5804286551069651,0.5860402684563757,0.25,91
0.9709077082958544,0.7357372761496243,0.738055277734328,0.8582301053904523,0.5367403648150104,0.5445190156599552,0.25,92
0.9493879545079706,0.7342175977645109,0.7398879002903148,0.801701065099266,0.5314541387024607,0.530559284116331,0.25,93
0.9597015842621226,0.7253496111166412,0.73970656536728,0.8261164604113593,0.5088826286514226,0.5248322147651006,0.25,94
0.9562833749105999,0.7348861021927132,0.7279967790502103,0.8333111348706788,0.5272060160721985,0.5187472035794183,0.25,95
0.9664639886547284,0.6111642216593134,0.6223256013775795,0.8430576033130669,0.4220700803236211,0.4346308724832214,0.25,96
0.9590448792327496,0.6827895950273135,0.696274008263309,0.8293930689841785,0.47207804019365934,0.4815212527964205,0.25,97
0.9594318593438605,0.7023653638539322,0.6986747662799346,0.8446455813893761,0.5058397145863245,0.516062639821029,0.25,98
0.9668636917991064,0.6686455213622465,0.6932837213808106,0.8424166767811411,0.46903526230425946,0.48796420581655475,0.25,99
0.9596794494166541,0.7634148645538378,0.7736723828043724,0.8403760913553109,0.5666979958882885,0.574049217002237,0.25,100
0.9669200396268003,0.6602463496093508,0.668220109947528,0.8480237386040439,0.448272777882472,0.4586129753914988,0.5,1
0.9612177537001897,0.7426722395100255,0.7463424564827315,0.841700183753898,0.5309647417002807,0.5316331096196867,0.5,2
0.9561890932948082,0.7450582326701608,0.7671582404468167,0.8281174914339176,0.542630828224347,0.5586577181208052,0.5,3
0.967028158402944,0.7024513834890267,0.7201510452464203,0.8401918880691729,0.512887061298552,0.5294854586129754,0.5,4
0.952423030790051,0.6681820258284042,0.6849814456862605,0.8127884860494365,0.46272930648769567,0.47346756152125274,0.5,5
0.9621420202244628,0.7594690277374877,0.763600762645379,0.8417756421057241,0.5590012132530401,0.5676062639821028,0.5,6
0.9610598367492172,0.7053915443524988,0.7122495710826733,0.8427037549725729,0.5092617449664428,0.5208948545861297,0.5,7
0.9641492170971963,0.7259468769027866,0.7390271925809905,0.8365576781536779,0.5132450351678931,0.5219686800894854,0.5,8
0.958038179553379,0.7724078168496598,0.7771604445942291,0.8164235998506689,0.559910514541387,0.559552572706935,0.5,9
0.9606965531530582,0.7095930750083955,0.7295074657749433,0.829109154767933,0.5078299776286352,0.5289485458612975,0.5,10
0.9641394206093733,0.7220252340257304,0.73595238190426715,0.838857447683736,0.5307017735197639,0.5387919463087247,0.5,11
0.9689567589634233,0.7037698438917612,0.7148728884933421,0.8655475424091963,0.4863969949673059,0.4997762863534675,0.5,12
0.9631084763157269,0.6856903595744085,0.7063066993507804,0.8292054471230806,0.4921920448794801,0.5187472035794183,0.5,13
0.9577326912279354,0.6421098881840557,0.643269334431258,0.8222811677948354,0.45500515020468396,0.46612975391498873,0.5,14
0.9662053358906177,0.749672902153166,0.7431571387914022,0.8447969786986023,0.5532086368053325,0.5366442953020133,0.5,15
0.9620862823146015,0.7313172683963367,0.7386906678365831,0.8329978156611231,0.5321700223713646,0.5420134228187918,0.5,16
0.9621661677343969,0.6691824192807532,0.6677460062001587,0.8390652913630027,0.5067561521252796,0.5060402684563757,0.5,17
0.9625219677656768,0.747573741265805,0.7710053226015026,0.8331544887981657,0.5461297539149887,0.5697539149888142,0.5,18
0.9513258469395367,0.7689281068279916,0.7732435785101384,0.8132726983528047,0.5519710059666606,0.5722595078299776,0.5,19
0.9618992327046545,0.7406691287312673,0.7492988243288662,0.8502753476293882,0.5227974411247132,0.5325279642058165,0.5,20
0.963955236439473,0.7435477868035526,0.7274920316712677,0.839937507531374,0.5549340035996968,0.5423713646532438,0.5,21
0.9621150595343506,0.7299187114523732,0.7419923176102912,0.8385336080833483,0.5412975391498881,0.5463087248322147,0.5,22
0.9668540190432081,0.8110113245847336,0.8115470924175157,0.8548020732296905,0.6030964763725252,0.6016107382550334,0.5,23
0.9633785243995197,0.6810133601564615,0.6928364517685685,0.8381177186176821,0.47773750822041755,0.49225950782997757,0.5,24
0.969911003364096,0.7096501860279488,0.7086286281042141,0.8513977619043152,0.5072048770062805,0.5105145413870246,0.5,25
0.9526912016282986,0.6955411092879217,0.7088513757936802,0.812091682648898,0.4754105739353425,0.4811633109619686,0.5,26
0.9473466171770911,0.6962309550204614,0.7068224562769724,0.8039216846273732,0.4834653464606024,0.47812080536912743,0.5,27
0.958534966012476,0.687398199058298,0.7038451601676732,0.8326917804772036,0.4599758383055505,0.4800894854586129,0.5,28
0.9609872039360337,0.6630218853625284,0.6569505854574422,0.8265056710569917,0.4787005567764709,0.4655928411633109,0.5,29
0.9711135338186168,0.7974627722076961,0.8027269115533808,0.8645263351356085,0.5971271365392705,0.6078747203579418,0.5,30
0.9686971352914556,0.7188931647828409,0.7197541683528046,0.8501189768240051,0.5198478536946837,0.5241163310961968,0.5,31
0.9592759590701525,0.7051913178895003,0.6993931313879996,0.8327962583396907,0.5230039572737359,0.5355704697986576,0.5,32
0.9410293549516451,0.6367652869358585,0.6527406981747716,0.7792013814629813,0.4392929176882761,0.45771812080536906,0.5,33
0.9510965024154747,0.5982488409428958,0.6140491435691012,0.8079716630832369,0.4137313903089627,0.4335570469798657,0.5,34
0.9588810022895504,0.7151843489456119,0.7308271401016817,0.8250729418330576,0.4916551081032479,0.49888143176733774,0.5,35
0.9597643447575694,0.6584179283925793,0.6839079789090419,0.8443630715138705,0.4470198693397779,0.46416107382550326,0.5,36
0.9681881904516172,0.7821515510119105,0.7911115769715295,0.8487105517141911,0.5728351004900096,0.5799552572706934,0.5,37
0.9641839902901069,0.7596250852001512,0.767296991993553,0.8457958649324963,0.5329992398731243,0.527158836689038,0.5,38
0.9606735841950487,0.7286496181784463,0.7321319796614211,0.8350499142928033,0.5253501635919542,0.5246532438478746,0.5,39
0.9580362553523349,0.8056646650719181,0.8030284954176873,0.8331769549763189,0.6111508884327014,0.6110961968680089,0.5,40
0.9708205303435679,0.678389199580828,0.6898416996835882,0.8567465373260043,0.49093919240160505,0.49941834451901557,0.5,41
0.9614317392606049,0.7331025550837762,0.7456705942381883,0.8288338560458847,0.5174743860116999,0.5282326621923936,0.5,42
0.9545587217480446,0.7265457656762249,0.712338734865756,0.8213120276202305,0.524879185921481,0.5119463087248322,0.5,43
0.9657642485476957,0.6294662293640272,0.6364693303761341,0.8426238748262505,0.429875599834333,0.4285458612975391,0.5,44
0.9661385958682054,0.7248352828705199,0.7231908344224769,0.838279464645356,0.5259342266373901,0.530917225950783,0.5,45
0.9592772731310961,0.6850140886628776,0.6890840392036648,0.8281828667634933,0.4829962432085648,0.4859955257270693,0.5,46
0.9661284601461156,0.7293860169506184,0.7569464220090051,0.8454617721469245,0.5339241152041476,0.5602684563758389,0.5,47
0.9653968508492563,0.7114025363800031,0.724831214112213,0.8415493279082998,0.4861018253977235,0.4852796420581655,0.5,48
0.9688519552314006,0.7194104567231249,0.7455015380915598,0.8534458210721827,0.47560651155678635,0.49404921700223703,0.5,49
0.960289958505789,0.6709767986318744,0.6830717754190193,0.8246195991769223,0.46359690756496125,0.4709619686800894,0.5,50
0.9551952791359873,0.7230786451701455,0.7382927294939168,0.8133789138360893,0.5238713146771775,0.5348545861297538,0.5,51
0.9609360769419629,0.7228553347667389,0.7461822664721497,0.8227131185319543,0.5170963308523656,0.5400447427293064,0.5,52
0.9692908874929118,0.6348380335550105,0.6473656296567681,0.8587420785955092,0.46069175400719337,0.47167785234899323,0.5,53
0.9627438628138065,0.7011631984961696,0.7068637477515665,0.8325947702587116,0.5082334009971169,0.5178523489932885,0.5,54
0.9544872953346116,0.7673872122446614,0.7747623959274427,0.8291615557771427,0.543672814061892,0.5472035794183444,0.5,55
0.9578465707015295,0.7209473864159659,0.7312032987984173,0.8285717609115425,0.4706461447162947,0.46970917225950776,0.5,56
0.9562199454540503,0.6178735353959682,0.6414754887641612,0.8233346889510562,0.40628216068233447,0.42281879194630867,0.5,57
0.9573013530891833,0.7334229251462818,0.7386985462621091,0.8058755323917401,0.5313884295444278,0.5370022371364652,0.5,58
0.961631302691565,0.6248233510497531,0.6272085553233817,0.8228501192107345,0.4495950606317287,0.4586129753914988,0.5,59
0.9680579276465894,0.7565205243416069,0.780783791933918,0.8461477177167337,0.5378798097423585,0.5527516778523489,0.5,60
0.9638390741362087,0.7111279775876158,0.7143074286868623,0.8383256871544481,0.5147894618366133,0.5285906040268455,0.5,61
0.9624858566205594,0.6293995236084581,0.6442733182218023,0.8409553438661908,0.43280977702396767,0.4485906040268456,0.5,62
0.9537455955867293,0.6996280938248284,0.7021102588449797,0.8172661661180209,0.4730836396502674,0.4782997762863534,0.5,63
0.9595273631237858,0.6670056610247922,0.6871835767709632,0.8343039620463754,0.4330663059962704,0.4462639821029082,0.5,64
0.9560099368938815,0.7217025506665151,0.749242767387834,0.8140688356937971,0.4991050673289172,0.5212527964205815,0.5,65
0.952326824893107,0.7322123593984307,0.7386772570180135,0.8126822161505501,0.5279219638108809,0.526979865771812,0.5,66
0.9708956694701802,0.7594260329226258,0.7740128820851213,0.8601748078194433,0.5595381980880575,0.5693959731543623,0.5,67
0.9536900035344,0.7646708973393647,0.7820590331905402,0.8051242682860378,0.5677078762750727,0.5803131991051453,0.5,68
0.9612369162139544,0.6935847797089171,0.7130871413390192,0.8452345076549874,0.47114093959731534,0.4743624161073825,0.5,69
0.9586399091584548,0.6033037139671162,0.6131593106638494,0.8222704742046625,0.4003758561437807,0.4102908277404921,0.5,70
0.965267878228295,0.7191971477907456,0.7355553957491502,0.8418839069552501,0.5236731489966026,0.5400447427293064,0.5,71
0.9588790180757822,0.7074462620650048,0.7107639628201592,0.8338187604542232,0.5041836328819983,0.5024608501118567,0.5,72
0.9631776283864784,0.7274679545170799,0.7335840238753872,0.8370200052434137,0.5249921737019426,0.5228635346756151,0.5,73
0.9610746664358875,0.7340916933481935,0.745077781994538,0.8276019166918036,0.5140734820565902,0.5214317673378075,0.5,74
0.9664326453429435,0.7769765490693537,0.780249870923326,0.8426475959477524,0.5997494054736343,0.5989261744966442,0.5,75
0.9680887120628315,0.8091307468246225,0.8251669284209714,0.8546229820766986,0.5956951769792244,0.614317673378076,0.5,76
0.9609589963412366,0.7160594524575943,0.714507778775007,0.8293711295048599,0.5225991312581033,0.5108724832214764,0.5,77
0.9609821343612515,0.7481685427933655,0.7426832803488045,0.8325126491917401,0.5311255447355808,0.5319910514541386,0.5,78
0.9574775190936251,0.7031510274370849,0.7098899188783409,0.8231029391501482,0.4888590604026845,0.49941834451901557,0.5,79
0.9664289068857073,0.7933751172477325,0.78317466700722,0.8492233605399511,0.600295315827555,0.6089485458612974,0.5,80
0.9594544521939837,0.7200394136516446,0.7072905642993238,0.8296245631073138,0.5141399698412461,0.49691275167785226,0.5,81
0.9528113190862073,0.7350146372604123,0.7302305872451362,0.8143142612806027,0.5332259411722083,0.5330648769574943,0.5,82
0.9558830996228741,0.7235365744887262,0.7236488493846411,0.8166556576424446,0.5359588408959652,0.5332438478747202,0.5,83
0.9462719952418273,0.679672293117873,0.6920210254179253,0.7901795336520353,0.49093919240160505,0.4927964205816554,0.5,84
0.9574609351211957,0.6662356214669597,0.6813184526994674,0.8286023439089876,0.4664608266850537,0.4788366890380312,0.5,85
0.9645084759609639,0.7330963699230182,0.7527552019596849,0.8444425572754795,0.5032668119651165,0.5217897091722594,0.5,86
0.9663260420655171,0.6660556017310904,0.690336855401163,0.8451552091570772,0.4670128309414181,0.4917225950782997,0.5,87
0.9575420615534015,0.7693736334831062,0.7895428651071716,0.8267682117467026,0.5501655865462513,0.5604474272930647,0.5,88
0.9611333597328335,0.7731945178513433,0.7843564909560108,0.8244517413458814,0.578627056616482,0.596062639821029,0.5,89
0.966755249184496,0.7119321385299824,0.6960843003629921,0.8415493279082998,0.5148559175799283,0.4953020134228187,0.5,90
0.95896121194018,0.7727339748379833,0.7767578447419958,0.8214801551209336,0.5804286551069651,0.5860402684563757,0.5,91
0.9704087753901279,0.7357372761496243,0.738055277734328,0.8584355984189466,0.5367403648150104,0.5445190156599552,0.5,92
0.9477595248327286,0.7342175977645109,0.7398879002903148,0.7976005290456173,0.5314541387024607,0.530559284116331,0.5,93
0.9579112166410354,0.7253496111166412,0.73970656536728,0.8210274173756318,0.5088826286514226,0.5248322147651006,0.5,94
0.9556688318616319,0.7348861021927132,0.7279967790502103,0.832475376233546,0.5272060160721985,0.5187472035794183,0.5,95
0.9651182267498876,0.6111642216593134,0.6223256013775795,0.8414928099998931,0.4220700803236211,0.4346308724832214,0.5,96
0.9582543193928695,0.6827895950273135,0.696274008263309,0.8246308726313448,0.47207804019365934,0.4815212527964205,0.5,97
0.9599600620394614,0.7023653638539322,0.6986747662799346,0.8446455813893761,0.5058397145863245,0.516062639821029,0.5,98
0.9660442498130973,0.6686455213622465,0.6932837213808106,0.84190751021428345,0.46903526230425946,0.48796420581655475,0.5,99
0.9588529054365416,0.7634148645538378,0.7736723828043724,0.8396831793208127,0.5666979958882885,0.574049217002237,0.5,100
0.9646653824542951,0.6602463496093508,0.668220109947528,0.841035558884615,0.448272777882472,0.4586129753914988,1,1
0.9597136016436348,0.7426722395100255,0.7463424564827315,0.839267691692981,0.5309647417002807,0.5316331096196867,1,2
0.956432209362989,0.7450582326701608,0.7671582404468167,0.8229765226915886,0.542630828224347,0.5586577181208052,1,3
0.9654723095365371,0.7024513834890267,0.7201510452464203,0.8376554378562174,0.512887061298552,0.5294854586129754,1,4
0.9491047110829591,0.6681820258284042,0.6849814456862605,0.8027584826958075,0.46272930648769567,0.47346756152125274,1,5
0.9592498880255964,0.7594690277374877,0.763600762645379,0.8303630737661777,0.5590012132530401,0.5676062639821028,1,6
0.9582688005041241,0.7053915443524988,0.7122495710826733,0.8386031128974999,0.5092617449664428,0.5208948545861297,1,7
0.9623800829121733,0.7259468769027866,0.7390271925809905,0.8300792277293307,0.5132450351678931,0.5219686800894854,1,8
0.9546536479429362,0.7724078168496598,0.7771604445942291,0.8138234569162541,0.559910514541387,0.559552572706935,1,9
0.959184395027631,0.7095930750083955,0.7295074657749433,0.824040849901326,0.5078299776286352,0.5289485458612975,1,10
0.9643521516111695,0.7220252340257304,0.73595238190426715,0.8383719951170012,0.5307017735197639,0.5387919463087247,1,11
0.9686729866224872,0.7037698438917612,0.7148728884933421,0.860200888413026,0.4863969949673059,0.4997762863534675,1,12
0.960277981567713,0.6856903595744085,0.7063066993507804,0.8216911141269666,0.4921920448794801,0.5187472035794183,1,13
0.9562633246963219,0.6421098881840557,0.643269334431258,0.8191835009176418,0.45500515020468396,0.46612975391498873,1,14
0.9636173353391724,0.749672902153166,0.7431571387914022,0.8417711129143877,0.5532086368053325,0.5366442953020133,1,15
0.960549601932281,0.7313172683963367,0.7386906678365831,0.8320275278861153,0.5321700223713646,0.5420134228187918,1,16
0.9617252233192621,0.6691824192807532,0.6677460062001587,0.8367659236810897,0.5067561521252796,0.5060402684563757,1,17
0.9611956475266982,0.747573741265805,0.7710053226015026,0.8318484046293045,0.5461297539149887,0.5697539149888142,1,18
0.9481507651266166,0.7689281068279916,0.7732435785101384,0.8072895418069299,0.5519710059666606,0.5722595078299776,1,19
0.9590685945537337,0.7406691287312673,0.7492988243288662,0.8423929805632602,0.5227974411247132,0.5325279642058165,1,20
0.9609554271902593,0.7435477868035526,0.7274920316712677,0.8311541118053803,0.5549340035996968,0.5423713646532438,1,21
0.9597446588685421,0.7299187114523732,0.7419923176102912,0.8312888315689108,0.5412975391498881,0.5463087248322147,1,22
0.9665472131163076,0.8110113245847336,0.8115470924175157,0.8518338562474923,0.6030964763725252,0.6016107382550334,1,23
0.9603262566300195,0.6810133601564615,0.6928364517685685,0.8339908899468412,0.47773750822041755,0.49225950782997757,1,24
0.96843394189306,0.7096501860279488,0.7086286281042141,0.8502714235170306,0.5072048770062805,0.5105145413870246,1,25
0.9493727875450986,0.6955411092879217,0.7088513757936802,0.8046751673494055,0.4754105739353425,0.4811633109619686,1,26
0.9452409966404123,0.6962309550204614,0.7068224562769724,0.7997136602491701,0.4834653464606024,0.47812080536912743,1,27
0.9586723716004012,0.687398199058298,0.7038451601676732,0.8321767303490533,0.4599758383055505,0.4800894854586129,1,28
0.9570905436345526,0.6630218853625284,0.6569505854574422,0.8174778659841139,0.4787005567764709,0.4655928411633109,1,29
0.970910749681329,0.7974627722076961,0.8027269115533808,0.8614300132807784,0.5971271365392705,0.6078747203579418,1,30
0.9666562474843737,0.7188931647828409,0.7197541683528046,0.845540997038045,0.5198478536946837,0.5241163310961968,1,31
0.9573715003886069,0.7051913178895003,0.6993931313879996,0.8319676380749605,0.5230039572737359,0.5355704697986576,1,32
0.9403168009404934,0.6367652869358585,0.6527406981747716,0.7834781040170034,0.4392929176882761,0.45771812080536906,1,33
0.950964255533164,0.5982488409428958,0.6140491435691012,0.8071104426296017,0.4137313903089627,0.4335570469798657,1,34
0.9584771134375911,0.7151843489456119,0.7308271401016817,0.8222177607709198,0.4916551081032479,0.49888143176733774,1,35
0.9580448701269626,0.6584179283925793,0.6839079789090419,0.8388397664855618,0.4470198693397779,0.46416107382550326,1,36
0.9672822216491589,0.7821515510119105,0.7911115769715295,0.850631542720358,0.5728351004900096,0.5799552572706934,1,37
0.9637478034504715,0.7596250852001512,0.767296991993553,0.8373261728252789,0.5329992398731243,0.527158836689038,1,38
0.9597145815509238,0.7286496181784463,0.7321319796614211,0.8311541118053803,0.5253501635919542,0.5246532438478746,1,39
0.954248677842433,0.8056646650719181,0.8030284954176873,0.8222074833851893,0.6111508884327014,0.6110961968680089,1,40
0.9695648699002367,0.678389199580828,0.6898416996835882,0.8540336864529466,0.49093919240160505,0.49941834451901557,1,41
0.9570390886745208,0.7331025550837762,0.7456705942381883,0.8199206456518193,0.5174743860116999,0.5282326621923936,1,42
0.9533558888530488,0.7265457656762249,0.712338734865756,0.8151971397926231,0.524879185921481,0.5119463087248322,1,43
0.9627313321359989,0.6294662293640272,0.6364693303761341,0.8408613759469151,0.429875599834333,0.4285458612975391,1,44
0.964890750033133,0.7248352828705199,0.7231908344224769,0.8342813503786416,0.5259342266373901,0.530917225950783,1,45
0.9573684817359587,0.6850140886628776,0.6890840392036648,0.8245043511000621,0.4829962432085648,0.4859955257270693,1,46
0.9662758554928603,0.7293860169506184,0.7569464220090051,0.8432129163515059,0.5339241152041476,0.5602684563758389,1,47
0.9643717362566318,0.7114025363800031,0.724831214112213,0.8352811375535881,0.4861018253977235,0.4852796420581655,1,48
0.9662368854084191,0.7194104567231249,0.7455015380915598,0.844084439142623,0.47560651155678635,0.49404921700223703,1,49
0.9555860141845799,0.6709767986318744,0.6830717754190193,0.814539693181967,0.46359690756496125,0.4709619686800894,1,50
0.9532289086851411,0.7230786451701455,0.7382927294939168,0.806607690924157,0.5238713146771775,0.5348545861297538,1,51
0.959724408128537,0.7228553347667389,0.7461822664721497,0.8196473850425768,0.5170963308523656,0.5400447427293064,1,52
0.9664121701103675,0.6348380335550105,0.6473656296567681,0.8520393617420402,0.46069175400719337,0.47167785234899323,1,53
0.960386366799269,0.7011631984961696,0.7068637477515665,0.8266322529583772,0.5082334009971169,0.5178523489932885,1,54
0.9523214673956136,0.7673872122446614,0.7747623959274427,0.829109154767933,0.543672814061892,0.5472035794183444,1,55
0.9556944257092174,0.7209473864159659,0.7312032987984173,0.8233558110112956,0.4706461447162947,0.46970917225950776,1,56
0.9525124256341082,0.6178735353959682,0.6414754887641612,0.8110506245308224,0.40628216068233447,0.42281879194630867,1,57
0.9532971192645071,0.7334229251462818,0.7386985462621091,0.7957368381003674,0.5313884295444278,0.5370022371364652,1,58
0.9598718065568408,0.6248233510497531,0.6272085553233817,0.8201525904947568,0.4495950606317287,0.4586129753914988,1,59
0.9665418274621321,0.7565205243416069,0.780783791933918,0.8398336736636862,0.5378798097423585,0.5527516778523489,1,60
0.9605206462863867,0.7111279775876158,0.7143074286868623,0.8307515340369261,0.5147894618366133,0.5285906040268455,1,61
0.9586059977579805,0.6293995236084581,0.6442733182218023,0.8326545959055015,0.43280977702396767,0.4485906040268456,1,62
0.9499264015718226,0.6996280938248284,0.7021102588449797,0.8049451129081371,0.4730836396502674,0.4782997762863534,1,63
0.9539662866993213,0.6670056610247922,0.6871835767709632,0.8239882179650494,0.4330663059962704,0.4462639821029082,1,64
0.9564017162760695,0.7217025506665151,0.749242767387834,0.8135976718965696,0.4991050673289172,0.5212527964205815,1,65
0.9495683194215697,0.7322123593984307,0.7386772570180135,0.8094433011783984,0.5279219638108809,0.526979865771812,1,66
0.9703895221698104,0.7594260329226258,0.7740128820851213,0.8557999390006747,0.5595381980880575,0.5693959731543623,1,67
0.9499080216106074,0.7646708973393647,0.7820590331905402,0.7969732124921936,0.5677078762750727,0.5803131991051453,1,68
0.9608411390521348,0.6935847797089171,0.7130871413390192,0.8404982131969025,0.47114093959731534,0.4743624161073825,1,69
0.9569670650739178,0.6033037139671162,0.6131593106638494,0.8237037814916518,0.4003758561437807,0.4102908277404921,1,70
0.9632065423503423,0.7191971477907456,0.7355553957491502,0.8352290134701316,0.5236731489966026,0.5400447427293064,1,71
0.9575136687384691,0.7074462620650048,0.7107639628201592,0.829952447302792,0.5041836328819983,0.5024608501118567,1,72
0.9596385235829858,0.7274679545170799,0.7335840238753872,0.833132043717687,0.5249921737019426,0.5228635346756151,1,73
0.9582061309899891,0.7340916933481935,0.745077781994538,0.8232401211431436,0.5140734820565902,0.5214317673378075,1,74
0.9654046964356507,0.7769765490693537,0.780249870923326,0.8399323317597857,0.5997494054736343,0.5989261744966442,1,75
0.966374723515123,0.8091307468246225,0.8251669284209714,0.851371299512819,0.5956951769792244,0.614317673378076,1,76
0.9597872790510034,0.7160594524575943,0.714507778775007,0.8255148544143307,0.5225991312581033,0.5108724832214764,1,77
0.9585351574535864,0.7481685427933655,0.7426832803488045,0.8229238479971565,0.5311255447355808,0.5319910514541386,1,78
0.9557678951771984,0.7031510274370849,0.7098899188783409,0.8165169986630965,0.4888590604026845,0.49941834451901557,1,79
0.9638241949025311,0.7933751172477325,0.78317466700722,0.8412430019244342,0.600295315827555,0.6089485458612974,1,80
0.9575552677079066,0.7200394136516446,0.7072905642993238,0.8279512470085902,0.5141399698412461,0.49691275167785226,1,81
0.9511543149060877,0.7350146372604123,0.7302305872451362,0.8101551286441814,0.5332259411722083,0.5330648769574943,1,82
0.9541269153989582,0.7235365744887262,0.7236488493846411,0.8126625171267764,0.5359588408959652,0.5332438478747202,1,83
0.945561773383395,0.679672293117873,0.6920210254179253,0.787257731901888,0.49093919240160505,0.4927964205816554,1,84
0.9564732081474732,0.6662356214669597,0.6813184526994674,0.8273178419132977,0.4664608266850537,0.4788366890380312,1,85
0.9617755837476325,0.7330963699230182,0.7527552019596849,0.8386087286754885,0.5032668119651165,0.5217897091722594,1,86
0.9631474618725633,0.6660556017310904,0.690336855401163,0.8353332586432195,0.4670128309414181,0.4917225950782997,1,87
0.9551825011202969,0.7693736334831062,0.7895428651071716,0.8156743083581686,0.5501655865462513,0.5604474272930647,1,88
0.9594491445932004,0.7731945178513433,0.7843564909560108,0.822375891850975,0.578627056616482,0.596062639821029,1,89
0.9622136292120653,0.7119321385299824,0.6960843003629921,0.8284363260649308,0.5148559175799283,0.4953020134228187,1,90
0.954928663152069,0.7727339748379833,0.7767578447419958,0.8132195859209824,0.5804286551069651,0.5860402684563757,1,91
0.9677441085900086,0.7357372761496243,0.738055277734328,0.8507308905930931,0.5367403648150104,0.5445190156599552,1,92
0.9426125532094243,0.7342175977645109,0.7398879002903148,0.7882672216822489,0.5314541387024607,0.530559284116331,1,93
0.9561225189048729,0.7253496111166412,0.73970656536728,0.8162243402312357,0.5088826286514226,0.5248322147651006,1,94
0.9544805644638027,0.7348861021927132,0.7279967790502103,0.8243891442176988,0.5272060160721985,0.5187472035794183,1,95
0.9615499571662474,0.6111642216593134,0.6223256013775795,0.8323335179062765,0.4220700803236211,0.4346308724832214,1,96
0.9576448358258778,0.6827895950273135,0.696274008263309,0.8208899415413051,0.47207804019365934,0.4815212527964205,1,97
0.957319623192474,0.7023653638539322,0.6986747662799346,0.8431569839879346,0.5058397145863245,0.516062639821029,1,98
0.964415486935006,0.6686455213622465,0.6932837213808106,0.8401685031460315,0.46903526230425946,0.48796420581655475,1,99
0.9581778564990725,0.7634148645538378,0.7736723828043724,0.8349229552476046,0.5666979958882885,0.574049217002237,1,100
0.961847230834511,0.6602463496093508,0.668220109947528,0.8360889509493358,0.448272777882472,0.4586129753914988,2,1
0.9577087596693552,0.7426722395100255,0.7463424564827315,0.828475673739901,0.5309647417002807,0.5316331096196867,2,2
0.9578204855578427,0.7450582326701608,0.7671582404468167,0.819826484219905,0.542630828224347,0.5586577181208052,2,3
0.9642201316258777,0.7024513834890267,0.7201510452464203,0.8307213363371048,0.512887061298552,0.5294854586129754,2,4
0.9431595497959536,0.6681820258284042,0.6849814456862605,0.7873336090842988,0.46272930648769567,0.47346756152125274,2,5
0.9543611294226336,0.7594690277374877,0.763600762645379,0.8183817662506944,0.5590012132530401,0.5676062639821028,2,6
0.9551522901820376,0.7053915443524988,0.7122495710826733,0.8264841375203565,0.5092617449664428,0.5208948545861297,2,7
0.961274780634175,0.7259468769027866,0.7390271925809905,0.8309670558844566,0.5132450351678931,0.5219686800894854,2,8
0.950992995616749,0.7724078168496598,0.7771604445942291,0.8045519480845515,0.559910514541387,0.559552572706935,2,9
0.95488643263736,0.7095930750083955,0.7295074657749433,0.8148517033186276,0.5078299776286352,0.5289485458612975,2,10
0.9641559114348742,0.7220252340257304,0.73595238190426715,0.8312286447483456,0.5307017735197639,0.5387919463087247,2,11
0.9666076880810799,0.7037698438917612,0.7148728884933421,0.8502466464526292,0.4863969949673059,0.4997762863534675,2,12
0.9535787298959096,0.6856903595744085,0.7063066993507804,0.8032958043040377,0.4921920448794801,0.5187472035794183,2,13
0.9484218959395696,0.6421098881840557,0.643269334431258,0.7979758144544542,0.45500515020468396,0.46612975391498873,2,14
0.9606855463448639,0.749672902153166,0.7431571387914022,0.8274354686284587,0.5532086368053325,0.5366442953020133,2,15
0.9552876853033389,0.7313172683963367,0.7386906678365831,0.8200677034317934,0.5321700223713646,0.5420134228187918,2,16
0.9577373230850473,0.6691824192807532,0.6677460062001587,0.8276978459015342,0.5067561521252796,0.5060402684563757,2,17
0.9592887714298142,0.747573741265805,0.7710053226015026,0.828729027093597,0.5461297539149887,0.5697539149888142,2,18
0.9427404054329288,0.7689281068279916,0.7732435785101384,0.7979935949651683,0.5519710059666606,0.5722595078299776,2,19
0.9550084830696233,0.7406691287312673,0.7492988243288662,0.8289081342963402,0.5227974411247132,0.5325279642058165,2,20
0.9592305993935694,0.7435477868035526,0.7274920316712677,0.8235772722098166,0.5549340035996968,0.5423713646532438,2,21
0.9577697735990273,0.7299187114523732,0.7419923176102912,0.8252636753346821,0.5412975391498881,0.5463087248322147,2,22
0.9637941387809168,0.8110113245847336,0.8115470924175157,0.8380715033528264,0.6030964763725252,0.6016107382550334,2,23
0.9530788699145157,0.6810133601564615,0.6928364517685685,0.8113806612226013,0.47773750822041755,0.49225950782997757,2,24
0.9665423716252459,0.7096501860279488,0.7086286281042141,0.8481976202853637,0.5072048770062805,0.5105145413870246,2,25
0.9436029570148873,0.6955411092879217,0.7088513757936802,0.7909747500661185,0.4754105739353425,0.4811633109619686,2,26
0.9392634955441318,0.6962309550204614,0.7068224562769724,0.788479302011188,0.4834653464606024,0.47812080536912743,2,27
0.953945784560519,0.687398199058298,0.7038451601676732,0.8176243805235076,0.4599758383055505,0.4800894854586129,2,28
0.9537558878623367,0.6630218853625284,0.6569505854574422,0.8086732609589268,0.4787005567764709,0.4655928411633109,2,29
0.9679601275646541,0.7974627722076961,0.8027269115533808,0.8543660776096084,0.5971271365392705,0.6078747203579418,2,30
0.9611156151116963,0.7188931647828409,0.7197541683528046,0.833564921567668,0.5198478536946837,0.5241163310961968,2,31
0.9511271712207717,0.7051913178895003,0.6993931313879996,0.8118454554675111,0.5230039572737359,0.5355704697986576,2,32
0.9370573672027518,0.6367652869358585,0.6527406981747716,0.7747960278123254,0.4392929176882761,0.45771812080536906,2,33
0.9470448689029961,0.5982488409428958,0.6140491435691012,0.7962542921398871,0.4137313903089627,0.4335570469798657,2,34
0.9556869512884537,0.7151843489456119,0.7308271401016817,0.8101118115881302,0.4916551081032479,0.49888143176733774,2,35
0.9557604871645655,0.6584179283925793,0.6839079789090419,0.8315346759071341,0.4470198693397779,0.46416107382550326,2,36
0.9635156084549482,0.7821515510119105,0.7911115769715295,0.837730547063977,0.5728351004900096,0.5799552572706934,2,37
0.9618194692533116,0.7596250852001512,0.767296991993553,0.825863311849703,0.5329992398731243,0.527158836689038,2,38
0.9553386270515528,0.7286496181784463,0.7321319796614211,0.8198036078990149,0.5253501635919542,0.5246532438478746,2,39
0.9485089879920916,0.8056646650719181,0.8030284954176873,0.8125486131647257,0.6111508884327014,0.6110961968680089,2,40
0.9663514413984912,0.678389199580828,0.6898416996835882,0.8468431520288222,0.49093919240160505,0.49941834451901557,2,41
0.9520786310483423,0.7331025550837762,0.7456705942381883,0.8118397765189048,0.5174743860116999,0.5282326621923936,2,42
0.9487527940526872,0.7265457656762249,0.712338734865756,0.8045868021523355,0.524879185921481,0.5119463087248322,2,43
0.960444878995033,0.6294662293640272,0.6364693303761341,0.8316392642153511,0.429875599834333,0.4285458612975391,2,44
0.9595001305347088,0.7248352828705199,0.7231908344224769,0.8215220153605131,0.5259342266373901,0.530917225950783,2,45
0.9545464829915936,0.6850140886628776,0.6890840392036648,0.8126351426424927,0.4829962432085648,0.4859955257270693,2,46
0.9611854101253374,0.7293860169506184,0.7569464220090051,0.8273703232090348,0.5339241152041476,0.5602684563758389,2,47
0.9589249147415344,0.7114025363800031,0.724831214112213,0.8183408093344812,0.4861018253977235,0.4852796420581655,2,48
0.9626988620936073,0.7194104567231249,0.7455015380915598,0.8260329058330094,0.47560651155678635,0.49404921700223703,2,49
0.9529159862136706,0.6709767986318744,0.6830717754190193,0.8055172858781185,0.46359690756496125,0.4709619686800894,2,50
0.9508939234626415,0.7230786451701455,0.7382927294939168,0.8029375898985509,0.5238713146771775,0.5348545861297538,2,51
0.9553190944368125,0.7228553347667389,0.7461822664721497,0.8051429936569193,0.5170963308523656,0.5400447427293064,2,52
0.9644124942613694,0.6348380335550105,0.6473656296567681,0.8458716700740272,0.46069175400719337,0.47167785234899323,2,53
0.9537891867941583,0.7011631984961696,0.7068637477515665,0.8055707434955929,0.5082334009971169,0.5178523489932885,2,54
0.9480148774979313,0.7673872122446614,0.7747623959274427,0.8177589087354568,0.543672814061892,0.5472035794183444,2,55
0.9520264616029298,0.7209473864159659,0.7312032987984173,0.8113610737030845,0.4706461447162947,0.46970917225950776,2,56
0.9457275491714616,0.6178735353959682,0.6414754887641612,0.7914171623600623,0.40628216068233447,0.42281879194630867,2,57
0.947109472483878,0.7334229251462818,0.7386985462621091,0.7778926508451215,0.5313884295444278,0.5370022371364652,2,58
0.9578987766086788,0.6248233510497531,0.6272085553233817,0.8161057347406855,0.4495950606317287,0.4586129753914988,2,59
0.9651390258446763,0.7565205243416069,0.780783791933918,0.8380368543615446,0.5378798097423585,0.5527516778523489,2,60
0.9581120097322815,0.7111279775876158,0.7143074286868623,0.8310352635296088,0.5147894618366133,0.5285906040268455,2,61
0.9531128924393292,0.6293995236084581,0.6442733182218023,0.8214592557342788,0.43280977702396767,0.4485906040268456,2,62
0.9457733427281174,0.6996280938248284,0.7021102588449797,0.7998570423498741,0.4730836396502674,0.4782997762863534,2,63
0.9466107661510812,0.6670056610247922,0.6871835767709632,0.8025793754930641,0.4330663059962704,0.4462639821029082,2,64
0.9524785415467758,0.7217025506665151,0.749242767387834,0.797312929926039,0.4991050673289172,0.5212527964205815,2,65
0.9448919957685948,0.7322123593984307,0.7386772570180135,0.7955022067265861,0.5279219638108809,0.526979865771812,2,66
0.9684692179520457,0.7594260329226258,0.7740128820851213,0.8551598561704888,0.5595381980880575,0.5693959731543623,2,67
0.9425337869600339,0.7646708973393647,0.7820590331905402,0.7814913022887846,0.5677078762750727,0.5803131991051453,2,68
0.9600432476894297,0.6935847797089171,0.7130871413390192,0.83310226742698,0.47114093959731534,0.4743624161073825,2,69
0.951476883469281,0.6033037139671162,0.6131593106638494,0.8100341025158702,0.4003758561437807,0.4102908277404921,2,70
0.9578137213511547,0.7191971477907456,0.7355553957491502,0.8170747352893264,0.5236731489966026,0.5400447427293064,2,71
0.9539764928665031,0.7074462620650048,0.7107639628201592,0.8221123246797155,0.5041836328819983,0.5024608501118567,2,72
0.954831143846431,0.7274679545170799,0.7335840238753872,0.8194360653529026,0.5249921737019426,0.5228635346756151,2,73
0.9540813211233954,0.7340916933481935,0.745077781994538,0.8147456109479688,0.5140734820565902,0.5214317673378075,2,74
0.9605070064596858,0.7769765490693537,0.780249870923326,0.8207107861634043,0.5997494054736343,0.5989261744966442,2,75
0.9631953773889748,0.8091307468246225,0.8251669284209714,0.8390420517664152,0.5956951769792244,0.614317673378076,2,76
0.9567293864753974,0.7160594524575943,0.714507778775007,0.8134518135820422,0.5225991312581033,0.5108724832214764,2,77
0.9541728017519984,0.7481685427933655,0.7426832803488045,0.8114088228854789,0.5311255447355808,0.5319910514541386,2,78
0.9509292861231597,0.7031510274370849,0.7098899188783409,0.8074686409842582,0.4888590604026845,0.49941834451901557,2,79
0.960137591979546,0.7933751172477325,0.78317466700722,0.8304154185748183,0.600295315827555,0.6089485458612974,2,80
0.9521300977891215,0.7200394136516446,0.7072905642993238,0.812072057238463,0.5141399698412461,0.49691275167785226,2,81
0.9452361310212197,0.7350146372604123,0.7302305872451362,0.7966138334137116,0.5332259411722083,0.5330648769574943,2,82
0.9516327513633815,0.7235365744887262,0.7236488493846411,0.7998570423498741,0.5359588408959652,0.5332438478747202,2,83
0.9402691897748627,0.679672293117873,0.6920210254179253,0.7745472220350275,0.49093919240160505,0.4927964205816554,2,84
0.9516259794953689,0.6662356214669597,0.6813184526994674,0.8138497938936005,0.4664608266850537,0.4788366890380312,2,85
0.9592267075172293,0.7330963699230182,0.7527552019596849,0.83397531922883406,0.5032668119651165,0.5217897091722594,2,86
0.961215454589413,0.6660556017310904,0.690336855401163,0.8327440209133585,0.4670128309414181,0.4917225950782997,2,87
0.9538481294271512,0.7693736334831062,0.7895428651071716,0.8108909835824423,0.5501655865462513,0.5604474272930647,2,88
0.9552119082812984,0.7731945178513433,0.7843564909560108,0.8142680408155811,0.578627056616482,0.596062639821029,2,89
0.9558946834211771,0.7119321385299824,0.6960843003629921,0.8133321363821335,0.5148559175799283,0.4953020134228187,2,90
0.9488471943115727,0.7727339748379833,0.7767578447419958,0.8032958043040377,0.5804286551069651,0.5860402684563757,2,91
0.9633474361922632,0.7357372761496243,0.738055277734328,0.8402387223545877,0.5367403648150104,0.5445190156599552,2,92
0.937349172495631,0.7342175977645109,0.7398879002903148,0.7765689313744017,0.5314541387024607,0.530559284116331,2,93
0.9530695360361526,0.7253496111166412,0.73970656536728,0.8083108059808521,0.5088826286514226,0.5248322147651006,2,94
0.9525317436053231,0.7348861021927132,0.7279967790502103,0.8161742233940589,0.5272060160721985,0.5187472035794183,2,95
0.9581023834345259,0.6111642216593134,0.6223256013775795,0.822997596605809,0.4220700803236211,0.4346308724832214,2,96
0.9559205316438542,0.6827895950273135,0.696274008263309,0.8145265049574671,0.47207804019365934,0.4815212527964205,2,97
0.9496515206657159,0.7023653638539322,0.6986747662799346,0.8208483101728884,0.5058397145863245,0.516062639821029,2,98
0.9603170561446259,0.6686455213622465,0.6932837213808106,0.8277068480223465,0.46903526230425946,0.48796420581655475,2,99
0.9548662394066876,0.7634148645538378,0.7736723828043724,0.826431621361815,0.5666979958882885,0.574049217002237,2,100
