sigma2_3way,level_label,component,mean_est,sd_est,pct_boundary
0,None,Residual,0.0598880095418346,0.0016417939796404284,0
0,None,category,0.030140282910141983,0.02551494575947527,5.1
0,None,item_id,0.05062509931156372,0.012734582422272099,0
0,None,item_id:temperature,0.014892404933989783,0.002551658144862994,0
0,None,item_id:variant_id,0.019995693748104594,0.002811512861698398,0
0,None,variant_id,0.03880840348808313,0.03463021888178781,1.6
0,None,variant_id:temperature,0.005002566096492189,0.0030705217122663784,0.2
0.004,Small (20%),Residual,0.062077824671825536,0.0016775269201390257,0
0.004,Small (20%),category,0.030121474218624815,0.025475686189269004,4.9
0.004,Small (20%),item_id,0.050312055709975524,0.01274547640603666,0
0.004,Small (20%),item_id:temperature,0.01581903214306249,0.0026733519322833244,0
0.004,Small (20%),item_id:variant_id,0.02122537728070933,0.002899828284532984,0
0.004,Small (20%),variant_id,0.0387993548127541,0.034682321294101974,1.7999999999999998
0.004,Small (20%),variant_id:temperature,0.005050944046144217,0.003080727169210317,0
0.008,Moderate (40%),Residual,0.06425131748623697,0.0017562558544024576,0
0.008,Moderate (40%),category,0.03010715545267122,0.025479804380034173,5
0.008,Moderate (40%),item_id,0.050032402454966186,0.012810588701976206,0
0.008,Moderate (40%),item_id:temperature,0.01669899875760308,0.002821129608185087,0
0.008,Moderate (40%),item_id:variant_id,0.022418269877570146,0.003054448170385924,0
0.008,Moderate (40%),variant_id,0.03877232336294069,0.03472302038504671,2
0.008,Moderate (40%),variant_id:temperature,0.005127312980382486,0.003127620165868163,0
0.012,Large (60%),Residual,0.0664257507176185,0.0018496858216936192,0
0.012,Large (60%),category,0.030097139030211172,0.025486654169140793,5
0.012,Large (60%),item_id,0.04974799632613365,0.012874905764255942,0
0.012,Large (60%),item_id:temperature,0.017580552628811894,0.002967985947964251,0
0.012,Large (60%),item_id:variant_id,0.02361087814342283,0.003209078184432107,0
0.012,Large (60%),variant_id,0.03874497056046266,0.03475997934531983,2.1999999999999997
0.012,Large (60%),variant_id:temperature,0.005203347097473567,0.0031746328269340765,0
0.02,Dominant (100%),Residual,0.07077590355764288,0.0020699839308074143,0
0.02,Dominant (100%),category,0.030079552400682816,0.025508764042880827,5
0.02,Dominant (100%),item_id,0.0491756360166917,0.013009208336317617,0
0.02,Dominant (100%),item_id:temperature,0.01934583029681204,0.003259640973770215,0
0.02,Dominant (100%),item_id:variant_id,0.025995580435854298,0.0035176637621398017,0
0.02,Dominant (100%),variant_id,0.038694338438829474,0.03482447704075183,2.1
0.02,Dominant (100%),variant_id:temperature,0.005351550592088503,0.0032663111548704125,0
