K,sigma2_beta_star,multiplier,sigma2_beta,true_prompts_better,directional_accuracy_pct,n_converged
2,8.333333333333333e-5,0.25,2.0833333333333333e-5,FALSE,45.1,1000
2,8.333333333333333e-5,0.5,4.1666666666666665e-5,FALSE,42.6,1000
2,8.333333333333333e-5,0.8,6.666666666666667e-5,FALSE,41.4,1000
2,8.333333333333333e-5,1,8.333333333333333e-5,TRUE,59.6,1000
2,8.333333333333333e-5,1.2,9.999999999999999e-5,TRUE,60.3,1000
2,8.333333333333333e-5,2,1.6666666666666666e-4,TRUE,59.3,1000
2,8.333333333333333e-5,4,3.333333333333333e-4,TRUE,66,1000
3,1.875e-4,0.25,4.6875e-5,FALSE,66.1,1000
3,1.875e-4,0.5,9.375e-5,FALSE,61.4,1000
3,1.875e-4,0.8,1.5000000000000001e-4,FALSE,56.4,1000
3,1.875e-4,1,1.875e-4,TRUE,46.1,1000
3,1.875e-4,1.2,2.25e-4,TRUE,48.1,1000
3,1.875e-4,2,3.75e-4,TRUE,56.3,1000
3,1.875e-4,4,7.5e-4,TRUE,69.3,1000
4,2.9166666666666664e-4,0.25,7.291666666666666e-5,FALSE,77,1000
4,2.9166666666666664e-4,0.5,1.4583333333333332e-4,FALSE,69.5,1000
4,2.9166666666666664e-4,0.8,2.3333333333333333e-4,FALSE,62.8,1000
4,2.9166666666666664e-4,1,2.9166666666666664e-4,TRUE,40.1,1000
4,2.9166666666666664e-4,1.2,3.4999999999999994e-4,TRUE,45.8,1000
4,2.9166666666666664e-4,2,5.833333333333333e-4,TRUE,60,1000
4,2.9166666666666664e-4,4,0.0011666666666666665,TRUE,76.6,1000
5,3.958333333333333e-4,0.25,9.895833333333333e-5,FALSE,82,1000
5,3.958333333333333e-4,0.5,1.9791666666666666e-4,FALSE,74.2,1000
5,3.958333333333333e-4,0.8,3.166666666666667e-4,FALSE,62.3,1000
5,3.958333333333333e-4,1,3.958333333333333e-4,FALSE,57.3,1000
5,3.958333333333333e-4,1.2,4.7499999999999994e-4,TRUE,47.6,1000
5,3.958333333333333e-4,2,7.916666666666666e-4,TRUE,63.8,1000
5,3.958333333333333e-4,4,0.0015833333333333333,TRUE,83.7,1000
7,6.041666666666667e-4,0.25,1.5104166666666667e-4,FALSE,91.3,1000
7,6.041666666666667e-4,0.5,3.0208333333333335e-4,FALSE,82.2,1000
7,6.041666666666667e-4,0.8,4.833333333333334e-4,FALSE,68.4,1000
7,6.041666666666667e-4,1,6.041666666666667e-4,FALSE,59.4,1000
7,6.041666666666667e-4,1.2,7.250000000000001e-4,TRUE,50.1,1000
7,6.041666666666667e-4,2,0.0012083333333333334,TRUE,74.5,1000
7,6.041666666666667e-4,4,0.002416666666666667,TRUE,91.7,1000
10,9.166666666666666e-4,0.25,2.2916666666666666e-4,FALSE,97.6,1000
10,9.166666666666666e-4,0.5,4.583333333333333e-4,FALSE,87.2,1000
10,9.166666666666666e-4,0.8,7.333333333333333e-4,FALSE,66,1000
10,9.166666666666666e-4,1,9.166666666666666e-4,FALSE,52.2,1000
10,9.166666666666666e-4,1.2,0.0010999999999999998,TRUE,56.4,1000
10,9.166666666666666e-4,2,0.0018333333333333333,TRUE,82.7,1000
10,9.166666666666666e-4,4,0.0036666666666666666,TRUE,97.2,1000
