model_type,component,mean_est,sd_est,pct_boundary
heteroscedastic_glmmTMB,category,0.03019832017508236,0.02553564370948369,0
heteroscedastic_glmmTMB,item_id,0.050645745718247356,0.012620488451436856,0
heteroscedastic_glmmTMB,item_id:temperature,0.014869249454719872,0.0024115520978843295,0
heteroscedastic_glmmTMB,item_id:variant_id,0.02002161274730814,0.002418077962441073,0
heteroscedastic_glmmTMB,sigma2_eps_t_1,0.0705981086609113,0.0017423682058003134,0
heteroscedastic_glmmTMB,sigma2_eps_t_2,0.19981179922572193,0.004613103142201594,0
heteroscedastic_glmmTMB,sigma2_eps_t_3,0.2825631752067588,0.006512389048159516,0
heteroscedastic_glmmTMB,variant_id,0.03880352351129202,0.034583590399124495,0
heteroscedastic_glmmTMB,variant_id:temperature,0.005005580637564614,0.003018196208377859,0
homoscedastic_lmer,Residual,0.04160695012986773,0.0014079247078398775,0
homoscedastic_lmer,category,0.030187229278500635,0.02551952881989214,4.7
homoscedastic_lmer,item_id,0.050639010498228415,0.012638316313930559,0
homoscedastic_lmer,item_id:temperature,0.014878312713479194,0.00242166227030644,0
homoscedastic_lmer,item_id:variant_id,0.019989464311268013,0.0026969220253718717,0
homoscedastic_lmer,sigma2_eps_t_1,0.04160695012986773,0.0014079247078398775,0
homoscedastic_lmer,sigma2_eps_t_2,0.04160695012986773,0.0014079247078398775,0
homoscedastic_lmer,sigma2_eps_t_3,0.04160695012986773,0.0014079247078398775,0
homoscedastic_lmer,variant_id,0.038807908350695405,0.03459543126174064,1.7000000000000002
homoscedastic_lmer,variant_id:temperature,0.005009764428209169,0.0030178167794777436,0
stratified_lmer,Residual_t_1,0.00498667458075826,2.4645480198579186e-4,0
stratified_lmer,Residual_t_2,0.039967836929881165,0.0019963789641570034,0
stratified_lmer,Residual_t_3,0.07993520143938494,0.0040858597929925335,0
stratified_lmer,category_t_1,0.03043573345700326,0.026523183121489678,5.7
stratified_lmer,category_t_2,0.03019202902660074,0.026128360635073712,6.800000000000001
stratified_lmer,category_t_3,0.030111693330723374,0.02612535673258796,6
stratified_lmer,item_id:variant_id_t_1,0.020030336812806353,0.002424745620710682,0
stratified_lmer,item_id:variant_id_t_2,0.019967583397240828,0.003290757901457863,0
stratified_lmer,item_id:variant_id_t_3,0.019882352499921957,0.00433792686061438,0
stratified_lmer,item_id_t_1,0.06582754393601618,0.014610888380406134,0
stratified_lmer,item_id_t_2,0.0648925607572831,0.014877772972692296,0
stratified_lmer,item_id_t_3,0.06570535924264849,0.015443705353414978,0
stratified_lmer,sigma2_eps_t_1,0.00498667458075826,2.4645480198579186e-4,0
stratified_lmer,sigma2_eps_t_2,0.039967836929881165,0.0019963789641570034,0
stratified_lmer,sigma2_eps_t_3,0.07993520143938494,0.0040858597929925335,0
stratified_lmer,variant_id_t_1,0.0437883586765694,0.03689758241340975,0.1
stratified_lmer,variant_id_t_2,0.04342348427030116,0.03669711539311661,0.2
stratified_lmer,variant_id_t_3,0.04423154571563082,0.03789785525689842,0
