K,true_sigma2_beta,mean_est,bias,rel_bias_pct,rmse,n_sims,dstudy_direction_correct_pct,coverage,ci_width
2,0,0.0012525038929495696,0.0012525038929495696,NA,0.0031532913820533034,1000,100,NA,NA
2,0.04,0.042118665037616125,0.0021186650376161277,5.296662594040316,0.06538346305987008,1000,100,NA,NA
2,0.1,0.10377138764372167,0.0037713876437216512,3.7713876437216562,0.15617300378855353,1000,100,NA,NA
3,0,7.558961532464785e-4,7.558961532464785e-4,NA,0.0018412752021849958,1000,100,NA,NA
3,0.04,0.040398353705661784,3.983537056617834e-4,0.9958842641544553,0.0430324883981418,1000,100,NA,NA
3,0.1,0.10120057309410384,0.0012005730941038342,1.200573094103837,0.10532432545380871,1000,100,NA,NA
4,0,6.52236611679928e-4,6.52236611679928e-4,NA,0.0013453297331397069,1000,100,NA,NA
4,0.04,0.04087324949378099,8.732494937809908e-4,2.1831237344524737,0.03448331224035529,1000,100,NA,NA
4,0.1,0.10272602825303383,0.0027260282530338267,2.7260282530338236,0.08460325838641308,1000,100,NA,NA
5,0,6.146619271849849e-4,6.146619271849849e-4,NA,0.001218894113190232,1000,100,NA,NA
5,0.04,0.041783012340894696,0.0017830123408946982,4.4575308522367445,0.031002857359603057,1000,100,NA,NA
5,0.1,0.10433127777717753,0.0043312777771775226,4.331277777177527,0.07539702731288082,1000,100,NA,NA
7,0,5.126171127439196e-4,5.126171127439196e-4,NA,9.88850396508651e-4,1000,100,NA,NA
7,0.04,0.04127826520983309,0.0012782652098330904,3.195663024582729,0.02505866234294205,1000,100,NA,NA
7,0.1,0.10308794914653167,0.003087949146531673,3.0879491465316744,0.06058156387118632,1000,100,NA,NA
10,0,3.94297734098312e-4,3.94297734098312e-4,NA,7.64455376814339e-4,1000,100,NA,NA
10,0.04,0.04082511283824953,8.251128382495327e-4,2.062782095623832,0.020162741044381205,1000,100,NA,NA
10,0.1,0.10192818364139544,0.0019281836413954296,1.9281836413954323,0.049068300109662615,1000,100,NA,NA
