researcher_id,v_chosen,h_chosen,m_chosen,theta_hat,se_naive,ci_lo,ci_hi,theta_true_specific,covers_specific,covers_overall,se_tle_v1
1,4,1,2,-0.39002806327573675,0.3033522592154704,-0.9845984913380588,0.20454236478658522,0.3,FALSE,FALSE,0.3565107384119461
2,2,1,1,-0.07186166227248453,0.3307626750463114,-0.7201565053632548,0.5764331808182859,0.09999999999999998,TRUE,TRUE,0.3565107384119461
3,2,2,1,0.44801888141037227,0.3293537581346699,-0.19751448453358067,1.0935522473543253,0.3,TRUE,TRUE,0.3565107384119461
4,2,3,2,0.5403306833083832,0.31564148993721375,-0.0783266369685558,1.1589880035853222,0.7,TRUE,TRUE,0.3565107384119461
5,4,1,2,-0.38224203720199634,0.3033796780766114,-0.9768662062321547,0.212382131828162,0.3,FALSE,FALSE,0.3565107384119461
6,4,1,1,-0.4197833628099726,0.32048278940886615,-1.0479296300513503,0.2083629044314051,0.09999999999999998,TRUE,FALSE,0.3565107384119461
7,1,2,1,0.36289723409231595,0.32891774264821894,-0.2817815414981932,1.007576009682825,0.3,TRUE,TRUE,0.3565107384119461
8,5,3,3,0.23323153904358906,0.3277965970903865,-0.4092497912535684,0.8757128693407465,0.8999999999999999,FALSE,TRUE,0.3565107384119461
9,4,1,3,0.45002584716119926,0.3809603987250871,-0.29665653433997136,1.1967082286623698,0.5,TRUE,TRUE,0.3565107384119461
10,5,3,1,0.28383344572812425,0.29593236623895225,-0.2961939921002222,0.8638608835564707,0.49999999999999994,TRUE,TRUE,0.3565107384119461
11,4,2,1,0.04007110774886455,0.3062511630937372,-0.5601811719148603,0.6403233874125894,0.3,TRUE,TRUE,0.3565107384119461
12,3,3,1,0.8427706174817068,0.27450342128709426,0.30474391175900206,1.3807973232044115,0.49999999999999994,TRUE,TRUE,0.3565107384119461
13,5,2,1,0.36260867144884223,0.30934876181673243,-0.2437149017119533,0.9689322446096378,0.3,TRUE,TRUE,0.3565107384119461
14,1,3,1,-0.24037404189018194,0.3105248830409736,-0.8490028126504902,0.3682547288701262,0.49999999999999994,FALSE,FALSE,0.3565107384119461
15,2,1,2,0.2821131938040534,0.331393933747723,-0.3674189163414837,0.9316453039495906,0.3,TRUE,TRUE,0.3565107384119461
16,2,2,2,0.7253459694437921,0.2645301747200398,0.20686682699251413,1.2438251118950703,0.5,TRUE,TRUE,0.3565107384119461
17,5,1,3,0.6389785908110671,0.3032579103066469,0.044593086610039245,1.233364095012095,0.5,TRUE,TRUE,0.3565107384119461
18,5,2,1,0.37135580680146574,0.30763370242475135,-0.23160624995104695,0.9743178635539784,0.3,TRUE,TRUE,0.3565107384119461
19,3,2,1,0.5861332227956121,0.32319874022451933,-0.047336308044445774,1.21960275363567,0.3,TRUE,TRUE,0.3565107384119461
20,4,3,3,0.315788870612555,0.3046888334210755,-0.2814012428927529,0.9129789841178629,0.8999999999999999,TRUE,TRUE,0.3565107384119461
