scenario,label,n_items,coverage,mean_se_ratio,median_se_ratio,mean_se,mean_s2_eps_hat,mean_s2_rho_hat,mean_s2_resid_E,n_sims
A,"1 obs/item, naive SE",25,0.43,0.5997085445006545,0.59774114975523,0.11801465736293604,NA,NA,NA,100
A,"1 obs/item, naive SE",50,0.29,0.4401272653698821,0.43737573169338234,0.08354209887001782,NA,NA,NA,100
A,"1 obs/item, naive SE",100,0.16,0.31567333073505216,0.3155268181691392,0.05878753681109945,NA,NA,NA,100
A,"1 obs/item, naive SE",200,0.14,0.22596567958626454,0.2247461166954719,0.04167048019870773,NA,NA,NA,100
A,"1 obs/item, naive SE",400,0.11,0.16081218911990297,0.1616237236504615,0.029508187716857696,NA,NA,NA,100
B,+ (1|variant): captures phi,25,0.61,0.816275547387176,0.7959565272562383,0.16063216027520763,NA,NA,NA,100
B,+ (1|variant): captures phi,50,0.55,0.7082791282640435,0.7153821273663786,0.134440943828548,NA,NA,NA,100
B,+ (1|variant): captures phi,100,0.56,0.7065329768403612,0.6451477685969533,0.13157694787691596,NA,NA,NA,100
B,+ (1|variant): captures phi,200,0.6,0.7929401644488906,0.8169893323471411,0.14622661937833517,NA,NA,NA,100
B,+ (1|variant): captures phi,400,0.56,0.7342599801207063,0.7300449885034339,0.13473282992387556,NA,NA,NA,100
C,+ (1|judge): captures lambda,25,0.91,1.0685370099430025,1.037966959980765,0.21027385763369258,NA,NA,NA,100
C,+ (1|judge): captures lambda,50,0.85,0.9884639372657162,0.9715019028328258,0.18762380446278615,NA,NA,NA,100
C,+ (1|judge): captures lambda,100,0.86,0.9771672341923198,0.9541560855738105,0.18197690193504384,NA,NA,NA,100
C,+ (1|judge): captures lambda,200,0.87,1.0684077630578546,1.0977781790803691,0.19702578115475106,NA,NA,NA,100
C,+ (1|judge): captures lambda,400,0.88,1.0618548833335772,1.0612977802050567,0.1948447651695529,NA,NA,NA,100
D,+ (1|temp): captures tau,25,1,1.1935949302770188,1.200748508164676,0.23488359140200005,NA,NA,NA,100
D,+ (1|temp): captures tau,50,0.99,1.1244731947253537,1.114760946684894,0.21344019832873246,NA,NA,NA,100
D,+ (1|temp): captures tau,100,1,1.17508159943924,1.1698029580904143,0.2188343013400129,NA,NA,NA,100
D,+ (1|temp): captures tau,200,0.99,1.2154945088202427,1.248392034212168,0.22415014507588393,NA,NA,NA,100
D,+ (1|temp): captures tau,400,0.99,1.1885566102372618,1.1956485384937698,0.21809386315140006,NA,NA,NA,100
E,+ interactions: lumps eps into residual,25,0.99,1.1313891033951382,1.1189174711960184,0.22264231284633787,NA,NA,0.21058754618003614,100
E,+ interactions: lumps eps into residual,50,0.99,1.0606254338223944,1.061762984031812,0.201321031047647,NA,NA,0.21388844568194135,100
E,+ interactions: lumps eps into residual,100,0.99,1.111327134176828,1.1099075021870193,0.20696136939242393,NA,NA,0.21494916509724565,100
E,+ interactions: lumps eps into residual,200,0.99,1.1503362723209134,1.1804996764693678,0.21213427165298446,NA,NA,0.2156142268040207,100
E,+ interactions: lumps eps into residual,400,0.99,1.1191611313937302,1.1307019649917136,0.20536015914784753,NA,NA,0.21554602368822362,100
F,+ (1|item:variant:judge:temp): splits eps/rho,25,0.99,1.1199005155811819,1.1059163675490735,0.22038151171738782,0.04025985937081617,0.09992438347526383,NA,100
F,+ (1|item:variant:judge:temp): splits eps/rho,50,0.99,1.0524384190926817,1.0534166011254902,0.19976702508660946,0.03943237363742642,0.09995816942748344,NA,100
F,+ (1|item:variant:judge:temp): splits eps/rho,100,0.99,1.107275618687586,1.1060512855829532,0.20620685961039723,0.04004247810008803,0.09993773217002984,NA,100
F,+ (1|item:variant:judge:temp): splits eps/rho,200,0.99,1.1483395870686623,1.1784475138212174,0.2117660616070194,0.03999592345971634,0.10000862291582689,NA,100
F,+ (1|item:variant:judge:temp): splits eps/rho,400,0.99,1.1224752169178245,1.1316696537829722,0.20596827634524345,0.040101491818484124,0.10001804893508442,NA,100
