scenario,label,theta_hat,se,ci_lo,ci_hi,covers,se_ratio,s2_eps_hat,s2_rho_hat,s2_resid_E,n_items,sim_id,theta_true
A,"1 obs/item, naive SE",0.4754819624943143,0.0871335871537323,0.304700131672999,0.6462637933156297,TRUE,0.4590484073845045,NA,NA,NA,50,1,0.5
B,+ (1|variant): captures phi,0.9097244798230193,0.16724399356598438,0.5819262524336899,1.2375227072123487,FALSE,0.8810963877297564,NA,NA,NA,50,1,0.5
C,+ (1|judge): captures lambda,0.820213218731534,0.1418383446572698,0.5422100632032851,1.0982163742597828,FALSE,0.7472510698555026,NA,NA,NA,50,1,0.5
D,+ (1|temp): captures tau,0.8160195771209174,0.2674608146555894,0.29179638039596223,1.3402427738458726,TRUE,1.4090715763691748,NA,NA,NA,50,1,0.5
E,+ interactions: lumps eps into residual,0.8160195771209174,0.2526064690899161,0.32091089770468195,1.311128256537153,TRUE,1.330813996285496,NA,NA,0.21991720339216558,50,1,0.5
F,+ (1|item:variant:judge:temp): splits eps/rho,0.8160195771209174,0.25192870563945824,0.3222393140675793,1.3097998401742557,TRUE,1.327243315418574,0.04114059546888422,0.09961982759419623,NA,50,1,0.5
A,"1 obs/item, naive SE",0.11589532129686224,0.08615114259493209,-0.05296091818920466,0.2847515607829291,FALSE,0.4538725661871816,NA,NA,NA,50,2,0.5
B,+ (1|variant): captures phi,0.1746281460110897,0.09604089361750813,-0.013612005479226225,0.3628682975014056,FALSE,0.5059750286777133,NA,NA,NA,50,2,0.5
C,+ (1|judge): captures lambda,0.4770452173235207,0.2073244353597928,0.07068932401832678,0.8834011106287145,TRUE,1.092253343086747,NA,NA,NA,50,2,0.5
D,+ (1|temp): captures tau,0.6380335269743818,0.19846443369063754,0.24904323694073216,1.0270238170080312,TRUE,1.0455759390166728,NA,NA,NA,50,2,0.5
E,+ interactions: lumps eps into residual,0.6380335269743818,0.18851338304523646,0.2685472962057183,1.0075197577430453,TRUE,0.9931505299431954,NA,NA,0.21328242364028052,50,2,0.5
F,+ (1|item:variant:judge:temp): splits eps/rho,0.6380335269743819,0.18671996241273722,0.2720624006454169,1.0040046533033469,TRUE,0.983702199947705,0.03898762642076954,0.09878961174556913,NA,50,2,0.5
A,"1 obs/item, naive SE",0.7091875278397645,0.07608137605174582,0.5600680307783427,0.8583070249011863,FALSE,0.4008217227021338,NA,NA,NA,50,3,0.5
B,+ (1|variant): captures phi,0.7635556539959327,0.10256295927440261,0.5625322538181037,0.9645790541737618,FALSE,0.5403354165654778,NA,NA,NA,50,3,0.5
C,+ (1|judge): captures lambda,0.6551027616458946,0.10900546871533762,0.4414520429638329,0.8687534803279564,TRUE,0.5742766761305521,NA,NA,NA,50,3,0.5
D,+ (1|temp): captures tau,0.43142269266122235,0.15257269899434603,0.13238020263230416,0.7304651826901405,TRUE,0.8038031805133813,NA,NA,NA,50,3,0.5
E,+ interactions: lumps eps into residual,0.43142269266122235,0.1400099062018929,0.15700327650551227,0.7058421088169324,TRUE,0.7376182544468993,NA,NA,0.21463758048121845,50,3,0.5
F,+ (1|item:variant:judge:temp): splits eps/rho,0.43142269266122235,0.13836450925867155,0.16022825451422612,0.7026171308082185,TRUE,0.7289497619519391,0.038555718550632986,0.10211435091532317,NA,50,3,0.5
A,"1 obs/item, naive SE",0.8629063626270574,0.08938094243308373,0.6877197154582133,1.0380930097959016,FALSE,0.47088821446134693,NA,NA,NA,50,4,0.5
B,+ (1|variant): captures phi,0.4818755889827467,0.18393886895156525,0.12135540583767879,0.8423957721278146,TRUE,0.9690504845089041,NA,NA,NA,50,4,0.5
C,+ (1|judge): captures lambda,0.514589682239685,0.21699207682369417,0.08928521166524445,0.9398941528141256,TRUE,1.143185659339702,NA,NA,NA,50,4,0.5
D,+ (1|temp): captures tau,0.5689701555125074,0.23838518194544298,0.10173519889943916,1.0362051121255758,TRUE,1.2558915762649576,NA,NA,NA,50,4,0.5
E,+ interactions: lumps eps into residual,0.5689701555125074,0.23035507446291362,0.11747420956519672,1.0204661014598182,TRUE,1.2135863278367274,NA,NA,0.20828101157212037,50,4,0.5
F,+ (1|item:variant:judge:temp): splits eps/rho,0.5689701555125072,0.22898155376711063,0.12016631012897033,1.017774000896044,TRUE,1.2063501688707756,0.03966433741944259,0.09937968723453834,NA,50,4,0.5
A,"1 obs/item, naive SE",0.06500674261163188,0.07652767745462004,-0.0849875051994234,0.21500099042268717,FALSE,0.40317298534258283,NA,NA,NA,50,5,0.5
B,+ (1|variant): captures phi,0.36252054435837655,0.16654929441390498,0.03608392730712279,0.6889571614096304,TRUE,0.8774364840142034,NA,NA,NA,50,5,0.5
C,+ (1|judge): captures lambda,0.27584663304985224,0.17823961386173753,-0.07350301011915333,0.6251962762188579,TRUE,0.9390249334243659,NA,NA,NA,50,5,0.5
D,+ (1|temp): captures tau,0.2803243877617836,0.15150705854248764,-0.016629446981492157,0.5772782225050593,TRUE,0.7981890359768202,NA,NA,NA,50,5,0.5
E,+ interactions: lumps eps into residual,0.2803243877617836,0.1447369271865416,-0.003359989523837925,0.564008765047405,TRUE,0.762521756363418,NA,NA,0.21503230971945278,50,5,0.5
F,+ (1|item:variant:judge:temp): splits eps/rho,0.2803243877617839,0.14316274457229045,-2.745915999053383e-4,0.5609233671234732,TRUE,0.7542284443856909,0.04084108897040632,0.09842350505735951,NA,50,5,0.5
A,"1 obs/item, naive SE",0.15599777239514298,0.08217351000386736,-0.005062307212437028,0.31705785200272296,FALSE,0.4329170889052991,NA,NA,NA,50,6,0.5
B,+ (1|variant): captures phi,0.75775606962493,0.19164962588248108,0.3821228028952671,1.1333893363545928,TRUE,1.0096732891527769,NA,NA,NA,50,6,0.5
C,+ (1|judge): captures lambda,0.553143472921121,0.25031004122009715,0.0625357921297306,1.0437511537125115,TRUE,1.318715658655325,NA,NA,NA,50,6,0.5
D,+ (1|temp): captures tau,0.7803973625304566,0.23147894803329971,0.3266986243851891,1.234096100675724,TRUE,1.2195072636025996,NA,NA,NA,50,6,0.5
E,+ interactions: lumps eps into residual,0.7803973625304566,0.2098808723884765,0.3690308526490426,1.1917638724118704,TRUE,1.105721494518703,NA,NA,0.20718311796680605,50,6,0.5
F,+ (1|item:variant:judge:temp): splits eps/rho,0.7803973625304566,0.20842202923811656,0.3718901852237481,1.188904539837165,TRUE,1.0980358287878182,0.039232327638217816,0.10145505186727906,NA,50,6,0.5
A,"1 obs/item, naive SE",-0.5025387132297389,0.07113204731057611,-0.641957525958468,-0.36311990050100973,FALSE,0.37474703037656953,NA,NA,NA,50,7,0.5
B,+ (1|variant): captures phi,-0.39151353293506413,0.1680362150238161,-0.7208645143817437,-0.062162551488384565,FALSE,0.8852700710405543,NA,NA,NA,50,7,0.5
C,+ (1|judge): captures lambda,-0.04748557847818964,0.2508212576125791,-0.5390952433988447,0.4441240864424654,FALSE,1.3214089148205241,NA,NA,NA,50,7,0.5
D,+ (1|temp): captures tau,0.2693163085472617,0.26292258052995565,-0.24601194929145137,0.7846445663859747,TRUE,1.3851626657439917,NA,NA,NA,50,7,0.5
E,+ interactions: lumps eps into residual,0.2693163085472617,0.2514646737098216,-0.22355445192398865,0.762187069018512,TRUE,1.324798642529124,NA,NA,0.20675440892376445,50,7,0.5
F,+ (1|item:variant:judge:temp): splits eps/rho,0.26931630854726163,0.25024830510888696,-0.2211703694661568,0.7598029865606801,TRUE,1.318390412507945,0.03707433257950992,0.1010917268376243,NA,50,7,0.5
A,"1 obs/item, naive SE",0.6153728179018584,0.09827454843237234,0.42275470297440865,0.8079909328293081,TRUE,0.517742657199664,NA,NA,NA,50,8,0.5
B,+ (1|variant): captures phi,0.3038640438169736,0.16812885573682673,-0.02566851342720683,0.633396601061154,TRUE,0.8857581327990064,NA,NA,NA,50,8,0.5
C,+ (1|judge): captures lambda,0.47716033742549013,0.2129963598775901,0.05968747206541353,0.8946332027855668,TRUE,1.1221349077250329,NA,NA,NA,50,8,0.5
D,+ (1|temp): captures tau,0.6084895781142103,0.15875717409536744,0.29732551688729014,0.9196536393411305,TRUE,0.8363850302726954,NA,NA,NA,50,8,0.5
E,+ interactions: lumps eps into residual,0.6084895781142103,0.13844065873746114,0.3371458869887865,0.8798332692396342,TRUE,0.7293509424622725,NA,NA,0.20916109829520826,50,8,0.5
F,+ (1|item:variant:judge:temp): splits eps/rho,0.6084895781142103,0.13604694681536555,0.34183756235609386,0.8751415938723268,TRUE,0.7167400804345612,0.03875361380717038,0.09978644858154352,NA,50,8,0.5
A,"1 obs/item, naive SE",0.8295744296000142,0.06913754497210514,0.694064841454688,0.9650840177453403,FALSE,0.3642393357905037,NA,NA,NA,50,9,0.5
B,+ (1|variant): captures phi,0.7809642071961019,0.058457913707050085,0.6663866963302838,0.8955417180619201,FALSE,0.30797552428200103,NA,NA,NA,50,9,0.5
C,+ (1|judge): captures lambda,0.5023738788831956,0.16234469581968505,0.18417827507661294,0.8205694826897783,TRUE,0.8552852751472664,NA,NA,NA,50,9,0.5
D,+ (1|temp): captures tau,0.6587668770971893,0.1871827094057888,0.29188876666184327,1.0256449875325353,TRUE,0.9861401033684319,NA,NA,NA,50,9,0.5
E,+ interactions: lumps eps into residual,0.6587668770971893,0.16723453094216237,0.330987196450551,0.9865465577438275,TRUE,0.8810465355138996,NA,NA,0.22176881114773922,50,9,0.5
F,+ (1|item:variant:judge:temp): splits eps/rho,0.6587668770971892,0.1651866069050164,0.33500112756335704,0.9825326266310213,TRUE,0.8702573978414466,0.03790684701869885,0.10141816892695366,NA,50,9,0.5
A,"1 obs/item, naive SE",1.160081917450831,0.10081269726894994,0.9624890308036891,1.357674804097973,FALSE,0.5311144604180957,NA,NA,NA,50,10,0.5
B,+ (1|variant): captures phi,0.6631351133066786,0.1829961546415424,0.30446265020925556,1.0218075764041017,TRUE,0.9640839553349007,NA,NA,NA,50,10,0.5
C,+ (1|judge): captures lambda,0.4638135725905258,0.21444267302289882,0.04350593346564413,0.8841212117154075,TRUE,1.1297545612664606,NA,NA,NA,50,10,0.5
D,+ (1|temp): captures tau,0.5858293741823062,0.20518065313379188,0.1836752940400741,0.9879834543245383,TRUE,1.080959192934422,NA,NA,NA,50,10,0.5
E,+ interactions: lumps eps into residual,0.5858293741823062,0.19205532735763242,0.20940093256134662,0.9622578158032657,TRUE,1.011810658015064,NA,NA,0.21955311861933363,50,10,0.5
F,+ (1|item:variant:judge:temp): splits eps/rho,0.5858293741823063,0.19065828896553677,0.21213912780985422,0.9595196205547584,TRUE,1.0044506000868274,0.039286689369420195,0.1005458515575479,NA,50,10,0.5
A,"1 obs/item, naive SE",0.9604925653521078,0.0917457668500664,0.7806708623259777,1.140314268378238,FALSE,0.4833468876070374,NA,NA,NA,50,11,0.5
B,+ (1|variant): captures phi,0.787789935908418,0.13934740444290744,0.5146690232003194,1.0609108486165164,FALSE,0.7341279771923299,NA,NA,NA,50,11,0.5
C,+ (1|judge): captures lambda,0.41484801456045384,0.28127007822560135,-0.13644133876172482,0.9661373678826325,TRUE,1.4818233206280509,NA,NA,NA,50,11,0.5
D,+ (1|temp): captures tau,0.4408542718484134,0.2533673320425818,-0.05574569895504694,0.9374542426518737,TRUE,1.3348224726729405,NA,NA,NA,50,11,0.5
E,+ interactions: lumps eps into residual,0.4408542718484134,0.24215748368183682,-0.03377439616798672,0.9154829398648135,TRUE,1.2757653030427862,NA,NA,0.20743790652491098,50,11,0.5
F,+ (1|item:variant:judge:temp): splits eps/rho,0.4408542718484135,0.24120011045277587,-0.031897944639027176,0.9136064883358542,TRUE,1.2707215458599492,0.03669776494335209,0.10026912742796273,NA,50,11,0.5
A,"1 obs/item, naive SE",0.5914412850909664,0.0677121755315528,0.4587254210491229,0.7241571491328098,TRUE,0.35673002057700665,NA,NA,NA,50,12,0.5
B,+ (1|variant): captures phi,0.40100537538771597,0.13725126441087848,0.13199289714239415,0.6700178536330378,TRUE,0.7230848217939403,NA,NA,NA,50,12,0.5
C,+ (1|judge): captures lambda,0.41684366229113695,0.15214133657320134,0.11864664260766233,0.7150406819746116,TRUE,0.8015306213441756,NA,NA,NA,50,12,0.5
D,+ (1|temp): captures tau,0.41649249283105755,0.19972772255799326,0.02502615661739077,0.8079588290447244,TRUE,1.0522313604399074,NA,NA,NA,50,12,0.5
E,+ interactions: lumps eps into residual,0.41649249283105755,0.18516281634229304,0.05357337280016322,0.7794116128619519,TRUE,0.975498642088423,NA,NA,0.21811170618151668,50,12,0.5
F,+ (1|item:variant:judge:temp): splits eps/rho,0.4164924928310576,0.18323376420276588,0.05735431499363647,0.7756306706684788,TRUE,0.9653357606859937,0.041829947050760555,0.09849569289104967,NA,50,12,0.5
A,"1 obs/item, naive SE",0.6545698352345879,0.07087087435449257,0.5156629214997824,0.7934767489693934,FALSE,0.37337108530810215,NA,NA,NA,50,13,0.5
B,+ (1|variant): captures phi,0.38126185252695055,0.13896415249295932,0.1088921136407503,0.6536315914131507,TRUE,0.7321088798155596,NA,NA,NA,50,13,0.5
C,+ (1|judge): captures lambda,0.3837694222980105,0.13597092723589432,0.1172664049156576,0.6502724396803634,TRUE,0.7163395842765786,NA,NA,NA,50,13,0.5
D,+ (1|temp): captures tau,0.5781132201876804,0.19157612677418695,0.202624011710274,0.9536024286650868,TRUE,1.0092860716662861,NA,NA,NA,50,13,0.5
E,+ interactions: lumps eps into residual,0.5781132201876804,0.18165321818460325,0.22207291254585804,0.9341535278295028,TRUE,0.9570089242026596,NA,NA,0.21917746721802359,50,13,0.5
F,+ (1|item:variant:judge:temp): splits eps/rho,0.5781132201876806,0.18039027443317437,0.22454828229865886,0.9316781580767024,TRUE,0.9503553209636839,0.036364098413602705,0.10097029304312868,NA,50,13,0.5
A,"1 obs/item, naive SE",0.8951339857462824,0.0960307321933496,0.7069137506473172,1.0833542208452476,FALSE,0.5059214949517516,NA,NA,NA,50,14,0.5
B,+ (1|variant): captures phi,0.601470210829205,0.1990177757504958,0.21139537035823325,0.9915450513001769,TRUE,1.0484911270585544,NA,NA,NA,50,14,0.5
C,+ (1|judge): captures lambda,0.39080469053716654,0.2804423875724405,-0.15886238910481681,0.9404717701791498,TRUE,1.4774627739255473,NA,NA,NA,50,14,0.5
D,+ (1|temp): captures tau,0.47988714360473245,0.22967037934494836,0.02973320008863367,0.9300410871208312,TRUE,1.2099791286645947,NA,NA,NA,50,14,0.5
E,+ interactions: lumps eps into residual,0.47988714360473245,0.21345452542857893,0.061516273764717744,0.8982580134447471,TRUE,1.1245486746015048,NA,NA,0.2250917569921766,50,14,0.5
F,+ (1|item:variant:judge:temp): splits eps/rho,0.47988714360473234,0.2117019260050688,0.0649513686347975,0.8948229185746672,TRUE,1.1153154041666968,0.042286372656873655,0.10214256797154717,NA,50,14,0.5
A,"1 obs/item, naive SE",0.922310621278939,0.07313086530765987,0.7789741252759257,1.0656471172819524,FALSE,0.3852774612722231,NA,NA,NA,50,15,0.5
B,+ (1|variant): captures phi,0.7753195372988386,0.07657210349200688,0.6252382144545051,0.9254008601431721,FALSE,0.4034070363253899,NA,NA,NA,50,15,0.5
C,+ (1|judge): captures lambda,0.6888144926688509,0.12249162513930971,0.44873090739580385,0.9288980779418978,TRUE,0.645326185629571,NA,NA,NA,50,15,0.5
D,+ (1|temp): captures tau,0.6256619950710693,0.16905976955059024,0.2943048467519125,0.9570191433902262,TRUE,0.8906624930759042,NA,NA,NA,50,15,0.5
E,+ interactions: lumps eps into residual,0.6256619950710693,0.15648374296876646,0.31895385885228705,0.9323701312898516,TRUE,0.8244078470525984,NA,NA,0.19925924374531548,50,15,0.5
F,+ (1|item:variant:judge:temp): splits eps/rho,0.6256619950710693,0.1547821280082309,0.32228902417493677,0.9290349659672019,TRUE,0.8154431795445646,0.03770314139987345,0.10261015626701642,NA,50,15,0.5
A,"1 obs/item, naive SE",0.9852785401414612,0.08502214777239418,0.8186351305075686,1.151921949775354,FALSE,0.4479246499798873,NA,NA,NA,50,16,0.5
B,+ (1|variant): captures phi,1.018041282557149,0.18415350653938567,0.6571004097399531,1.3789821553743449,FALSE,0.9701812659454582,NA,NA,NA,50,16,0.5
C,+ (1|judge): captures lambda,0.8915151460733206,0.231399121802852,0.43797286733973073,1.3450574248069105,TRUE,1.2190867127547402,NA,NA,NA,50,16,0.5
D,+ (1|temp): captures tau,0.5175072412502322,0.26617641586549823,-0.0041985338461443256,1.0392130163466087,TRUE,1.4023049409270036,NA,NA,NA,50,16,0.5
E,+ interactions: lumps eps into residual,0.5175072412502322,0.2575995426185083,0.012612137717955885,1.0224023447825084,TRUE,1.357119150544898,NA,NA,0.20572633551904596,50,16,0.5
F,+ (1|item:variant:judge:temp): splits eps/rho,0.5175072412502323,0.25647941768206145,0.014807582593391877,1.0202068999070728,TRUE,1.3512179638160606,0.04195766593561763,0.09918476560606737,NA,50,16,0.5
A,"1 obs/item, naive SE",0.344387807724679,0.07702392726891384,0.19342091027760785,0.49535470517175006,FALSE,0.4057873926493141,NA,NA,NA,50,17,0.5
B,+ (1|variant): captures phi,0.31116110184337736,0.08957466072848641,0.135594766815544,0.48672743687121073,FALSE,0.47190878618220294,NA,NA,NA,50,17,0.5
C,+ (1|judge): captures lambda,0.5354962570188463,0.1442693712150792,0.25272828943729103,0.8182642246004015,TRUE,0.7600585176620863,NA,NA,NA,50,17,0.5
D,+ (1|temp): captures tau,0.42596593572136493,0.17725950719768643,0.07853730161389955,0.7733945698288303,TRUE,0.9338614090258375,NA,NA,NA,50,17,0.5
E,+ interactions: lumps eps into residual,0.42596593572136493,0.16072799461886517,0.11093906626838923,0.7409928051743406,TRUE,0.8467679612652659,NA,NA,0.20467285345389602,50,17,0.5
F,+ (1|item:variant:judge:temp): splits eps/rho,0.42596593572136515,0.15886843781750154,0.11458379759906212,0.7373480738436682,TRUE,0.8369712041708871,0.03984966952350112,0.1008493884254834,NA,50,17,0.5
A,"1 obs/item, naive SE",0.6816980604191288,0.09498569180506501,0.4955261044812014,0.8678700163570563,TRUE,0.5004158783283005,NA,NA,NA,50,18,0.5
B,+ (1|variant): captures phi,0.6391740984507931,0.14738724270681064,0.35029510274544423,0.928053094156142,TRUE,0.7764844905786341,NA,NA,NA,50,18,0.5
C,+ (1|judge): captures lambda,0.36536565118523906,0.21048476573724623,-0.04718448965976352,0.7779157920302416,TRUE,1.1089030033838636,NA,NA,NA,50,18,0.5
D,+ (1|temp): captures tau,0.32877880528169373,0.25202935669684734,-0.16519873384412703,0.8227563444075146,TRUE,1.3277735783069193,NA,NA,NA,50,18,0.5
E,+ interactions: lumps eps into residual,0.32877880528169373,0.24239613069357102,-0.14631761087770545,0.8038752214410929,TRUE,1.2770225740245305,NA,NA,0.2231802511592334,50,18,0.5
F,+ (1|item:variant:judge:temp): splits eps/rho,0.32877880528169373,0.24082132902170922,-0.14323099960085633,0.8007886101642439,TRUE,1.268726000647617,0.03812220016318045,0.1010693093572684,NA,50,18,0.5
A,"1 obs/item, naive SE",0.15889140653329759,0.08902929970378332,-0.015606020886117705,0.3333888339527129,FALSE,0.46903564485958255,NA,NA,NA,50,19,0.5
B,+ (1|variant): captures phi,0.5121074738922744,0.12842306398734682,0.26039826847707465,0.7638166793074741,TRUE,0.6765749571496287,NA,NA,NA,50,19,0.5
C,+ (1|judge): captures lambda,0.4694283455633733,0.21505987111035263,0.047910998187082166,0.8909456929396644,TRUE,1.133006163872773,NA,NA,NA,50,19,0.5
D,+ (1|temp): captures tau,0.3845271717776223,0.18517001497612812,0.021593942424411205,0.7474604011308335,TRUE,0.97553656686009,NA,NA,NA,50,19,0.5
E,+ interactions: lumps eps into residual,0.3845271717776223,0.1787937102410019,0.03409149970525854,0.734962843849986,TRUE,0.9419440954690785,NA,NA,0.21560004181933246,50,19,0.5
F,+ (1|item:variant:judge:temp): splits eps/rho,0.3845271717776224,0.17683545034476966,0.03792968910187389,0.7311246544533709,TRUE,0.9316273379938659,0.03882949101961621,0.09916029040666678,NA,50,19,0.5
A,"1 obs/item, naive SE",0.4310543291589597,0.08991600771995087,0.254818954027856,0.6072897042900633,TRUE,0.47370711444935887,NA,NA,NA,50,20,0.5
B,+ (1|variant): captures phi,0.6367962903106453,0.14169401667376147,0.35907601763007285,0.9145165629912178,TRUE,0.746490702548994,NA,NA,NA,50,20,0.5
C,+ (1|judge): captures lambda,0.4062013973423083,0.17771237762597641,0.057885137195394565,0.7545176574892221,TRUE,0.9362472794536356,NA,NA,NA,50,20,0.5
D,+ (1|temp): captures tau,0.5515806740910444,0.18402324278394425,0.19089511823451366,0.9122662299475751,TRUE,0.9694949936200711,NA,NA,NA,50,20,0.5
E,+ interactions: lumps eps into residual,0.5515806740910444,0.16981960020299944,0.2187342576931655,0.8844270904889233,TRUE,0.8946655309659313,NA,NA,0.2052807286723414,50,20,0.5
F,+ (1|item:variant:judge:temp): splits eps/rho,0.5515806740910444,0.16806584064926497,0.22217162641848504,0.8809897217636038,TRUE,0.8854261485833745,0.04022108330943115,0.0994625032651077,NA,50,20,0.5
A,"1 obs/item, naive SE",0.43749853894387514,0.08182136141616679,0.27712867056818824,0.597868407319562,TRUE,0.43106185427503607,NA,NA,NA,50,21,0.5
B,+ (1|variant): captures phi,0.5523419002711311,0.10906537455248895,0.33857376614825274,0.7661100343940094,TRUE,0.5745922797919604,NA,NA,NA,50,21,0.5
C,+ (1|judge): captures lambda,0.7168581675703302,0.23113393181970898,0.26383566120370056,1.1698806739369598,TRUE,1.217689604665969,NA,NA,NA,50,21,0.5
D,+ (1|temp): captures tau,0.7373966840110111,0.19687553006968259,0.35152064507443326,1.123272722947589,TRUE,1.03720507193186,NA,NA,NA,50,21,0.5
E,+ interactions: lumps eps into residual,0.7373966840110111,0.18981841678567574,0.36535258711108665,1.1094407809109357,TRUE,1.0000258770934825,NA,NA,0.21285197742879156,50,21,0.5
F,+ (1|item:variant:judge:temp): splits eps/rho,0.7373966840110113,0.18840309693863838,0.3681266140112801,1.1066667540107424,TRUE,0.9925695064453202,0.039748687229204216,0.09918698573565278,NA,50,21,0.5
A,"1 obs/item, naive SE",0.2423250633283648,0.09463156000538524,0.05684720571780971,0.42780292093891986,FALSE,0.4985501954847789,NA,NA,NA,50,22,0.5
B,+ (1|variant): captures phi,0.41136866374707615,0.09664194436953227,0.2219504527827929,0.6007868747113594,TRUE,0.5091415618078958,NA,NA,NA,50,22,0.5
C,+ (1|judge): captures lambda,0.2469240846081606,0.18804484786328568,-0.12164381720387932,0.6154919864202005,TRUE,0.9906821324388135,NA,NA,NA,50,22,0.5
D,+ (1|temp): captures tau,0.5016043751245702,0.23806089520594187,0.03500502052092419,0.9682037297282162,TRUE,1.2541831270186152,NA,NA,NA,50,22,0.5
E,+ interactions: lumps eps into residual,0.5016043751245702,0.22889247580898509,0.052975122538959474,0.950233627710181,TRUE,1.2058808768773397,NA,NA,0.20827340845523787,50,22,0.5
F,+ (1|item:variant:judge:temp): splits eps/rho,0.5016043751245708,0.22756162256689844,0.055583594893449884,0.9476251553556917,TRUE,1.198869504096778,0.04083605126044116,0.0995033979940471,NA,50,22,0.5
A,"1 obs/item, naive SE",0.3852676019389439,0.08166615308059028,0.22520194190098694,0.5453332619769008,TRUE,0.4302441656937833,NA,NA,NA,50,23,0.5
B,+ (1|variant): captures phi,0.24791405742263856,0.17605320351167683,-0.09715022146024804,0.5929783363055252,TRUE,0.9275062042882228,NA,NA,NA,50,23,0.5
C,+ (1|judge): captures lambda,0.43319383294035013,0.21634273231509124,0.009162077602771324,0.8572255882779289,TRUE,1.1397646988093828,NA,NA,NA,50,23,0.5
D,+ (1|temp): captures tau,0.3834746168927123,0.266896230935882,-0.13964199574161645,0.9065912295270411,TRUE,1.406097163564275,NA,NA,NA,50,23,0.5
E,+ interactions: lumps eps into residual,0.3834746168927123,0.25391224541501306,-0.11419338412071328,0.8811426179061379,TRUE,1.337693255616098,NA,NA,0.21699160243998586,50,23,0.5
F,+ (1|item:variant:judge:temp): splits eps/rho,0.38347461689271256,0.2526702050507048,-0.11175898500666887,0.878708218792094,TRUE,1.331149778298482,0.04582012218931944,0.09962457778398409,NA,50,23,0.5
A,"1 obs/item, naive SE",0.7155520309450742,0.07905187313402239,0.5606103596023904,0.8704937022877581,FALSE,0.4164712787378968,NA,NA,NA,50,24,0.5
B,+ (1|variant): captures phi,0.7917487007786013,0.10146807599142851,0.5928712718354014,0.9906261297218011,FALSE,0.5345672111725973,NA,NA,NA,50,24,0.5
C,+ (1|judge): captures lambda,0.6737970999231613,0.1634490437719499,0.35343697413013947,0.994157225716183,TRUE,0.8611033435322061,NA,NA,NA,50,24,0.5
D,+ (1|temp): captures tau,0.48574487453195686,0.2340387272564917,0.027028969109233136,0.9444607799546806,TRUE,1.2329930228149344,NA,NA,NA,50,24,0.5
E,+ interactions: lumps eps into residual,0.48574487453195686,0.22085630689340147,0.052866513020890016,0.9186232360430238,TRUE,1.1635436948253381,NA,NA,0.21777593307048396,50,24,0.5
F,+ (1|item:variant:judge:temp): splits eps/rho,0.48574487453195675,0.21925446768924037,0.056006117861045646,0.9154836312028678,TRUE,1.1551046788318973,0.03977846445790781,0.09939160747426591,NA,50,24,0.5
A,"1 obs/item, naive SE",0.8257024712728697,0.08008994161910903,0.668726185699416,0.9826787568463233,FALSE,0.4219401650812804,NA,NA,NA,50,25,0.5
B,+ (1|variant): captures phi,0.8857407174179186,0.1916886237539379,0.5100310148602003,1.261450419975637,FALSE,1.0098787427713918,NA,NA,NA,50,25,0.5
C,+ (1|judge): captures lambda,0.8976357745038577,0.1765889679879603,0.5515213972474555,1.2437501517602598,FALSE,0.9303287878361399,NA,NA,NA,50,25,0.5
D,+ (1|temp): captures tau,0.7027154591792476,0.17904824581265352,0.3517808973864467,1.0536500209720485,TRUE,0.943285072612407,NA,NA,NA,50,25,0.5
E,+ interactions: lumps eps into residual,0.7027154591792476,0.15992669375703022,0.38925913941546836,1.016171778943027,TRUE,0.8425464446667104,NA,NA,0.20901103608259117,50,25,0.5
F,+ (1|item:variant:judge:temp): splits eps/rho,0.7027154591792476,0.15803790958932823,0.3929611563841643,1.012469761974331,TRUE,0.8325957081895478,0.0412212371863519,0.09901456803185463,NA,50,25,0.5
A,"1 obs/item, naive SE",0.01792804640227158,0.07675577825386083,-0.13251327897529563,0.1683693717798388,FALSE,0.40437469540680726,NA,NA,NA,50,26,0.5
B,+ (1|variant): captures phi,-0.0036812074186027464,0.16761438467031034,-0.332205401372411,0.32484298653520555,FALSE,0.8830477299400827,NA,NA,NA,50,26,0.5
C,+ (1|judge): captures lambda,0.038926622269065125,0.20368149679136344,-0.3602891114420072,0.43814235598013745,FALSE,1.0730611440431492,NA,NA,NA,50,26,0.5
D,+ (1|temp): captures tau,0.27462515794498427,0.2324942779272627,-0.18106362679245064,0.7303139426824192,TRUE,1.2248563555660839,NA,NA,NA,50,26,0.5
E,+ interactions: lumps eps into residual,0.27462515794498427,0.2170801190178202,-0.15085187532994332,0.7001021912199119,TRUE,1.1436494945875828,NA,NA,0.2124487772349031,50,26,0.5
F,+ (1|item:variant:judge:temp): splits eps/rho,0.2746251579449844,0.2155599609572973,-0.14787236553131833,0.6971226814212871,TRUE,1.1356408017350257,0.03990682263295289,0.10055537141115324,NA,50,26,0.5
A,"1 obs/item, naive SE",1.0645622610212295,0.08548323004837993,0.8970151301264049,1.2321093919160542,FALSE,0.45035378312335633,NA,NA,NA,50,27,0.5
B,+ (1|variant): captures phi,0.90711821099964,0.15467456849780672,0.6039560567439388,1.210280365255341,FALSE,0.8148765206524871,NA,NA,NA,50,27,0.5
C,+ (1|judge): captures lambda,0.8475544439959366,0.1712269193992842,0.5119496819733396,1.1831592060185336,FALSE,0.902079751553411,NA,NA,NA,50,27,0.5
D,+ (1|temp): captures tau,0.5904548184534479,0.21019323548131608,0.17847607691006845,1.0024335599968275,TRUE,1.1073671260711,NA,NA,NA,50,27,0.5
E,+ interactions: lumps eps into residual,0.5904548184534479,0.20566724548668067,0.18734701729955383,0.993562619607342,TRUE,1.0835227215568002,NA,NA,0.22119231882489918,50,27,0.5
F,+ (1|item:variant:judge:temp): splits eps/rho,0.5904548184534483,0.20383832917677008,0.1909316932669789,0.9899779436399176,TRUE,1.0738873886532811,0.03848014105665895,0.09925920065684177,NA,50,27,0.5
A,"1 obs/item, naive SE",0.5106308810914814,0.08792435760136116,0.3382991401928135,0.6829626219901492,TRUE,0.4632144462961162,NA,NA,NA,50,28,0.5
B,+ (1|variant): captures phi,0.47970252204390046,0.13533554759377964,0.2144448487600924,0.7449601953277085,TRUE,0.7129921952578908,NA,NA,NA,50,28,0.5
C,+ (1|judge): captures lambda,0.02415638058344943,0.2967437392037107,-0.5574613482558236,0.6057741094227224,TRUE,1.5633436580827291,NA,NA,NA,50,28,0.5
D,+ (1|temp): captures tau,0.39382805864150466,0.2597623186236892,-0.11530608586092611,0.9029622031439355,TRUE,1.3685133661756175,NA,NA,NA,50,28,0.5
E,+ interactions: lumps eps into residual,0.39382805864150466,0.2444434200504618,-0.08528104465740044,0.8729371619404098,TRUE,1.2878083679925652,NA,NA,0.22119559951455733,50,28,0.5
F,+ (1|item:variant:judge:temp): splits eps/rho,0.3938280586415046,0.24296120944150806,-0.08237591186385118,0.8700320291468604,TRUE,1.2799995948010268,0.03915701324064474,0.10020052434109396,NA,50,28,0.5
A,"1 obs/item, naive SE",0.6493557094992871,0.09681468715327872,0.4595989226788608,0.8391124963197134,TRUE,0.5100516276316069,NA,NA,NA,50,29,0.5
B,+ (1|variant): captures phi,0.5575610492189279,0.0880459798097945,0.3849909287917307,0.7301311696461251,TRUE,0.4638551921084676,NA,NA,NA,50,29,0.5
C,+ (1|judge): captures lambda,0.5928861882611108,0.12427588875453617,0.34930544630221994,0.8364669302200017,TRUE,0.654726273445062,NA,NA,NA,50,29,0.5
D,+ (1|temp): captures tau,0.5689846985199654,0.15303419425643217,0.2690376777773583,0.8689317192625724,TRUE,0.8062344894035154,NA,NA,NA,50,29,0.5
E,+ interactions: lumps eps into residual,0.5689846985199654,0.13954620621210878,0.29547413434423214,0.8424952626956985,TRUE,0.7351753303258132,NA,NA,0.2176687147956992,50,29,0.5
F,+ (1|item:variant:judge:temp): splits eps/rho,0.5689846985199654,0.13868239298689503,0.29716720826565113,0.8408021887742796,TRUE,0.730624478028037,0.03926499255659062,0.09957668208512573,NA,50,29,0.5
A,"1 obs/item, naive SE",0.3211039175541645,0.07494892050018712,0.17420403337379775,0.46800380173453127,FALSE,0.39485557423564666,NA,NA,NA,50,30,0.5
B,+ (1|variant): captures phi,0.4141491264967467,0.07255849703169315,0.2719344723146281,0.5563637806788653,TRUE,0.3822620368635347,NA,NA,NA,50,30,0.5
C,+ (1|judge): captures lambda,0.5223161237328869,0.21269654756644024,0.10543089050266408,0.9392013569631098,TRUE,1.1205553978202611,NA,NA,NA,50,30,0.5
D,+ (1|temp): captures tau,0.5976625903202586,0.2600547754099385,0.08795523051677911,1.1073699501237382,TRUE,1.370054124754966,NA,NA,NA,50,30,0.5
E,+ interactions: lumps eps into residual,0.5976625903202586,0.2502435024461364,0.10718532552583121,1.088139855114686,TRUE,1.3183651105003167,NA,NA,0.20956176245265057,50,30,0.5
F,+ (1|item:variant:judge:temp): splits eps/rho,0.5976625903202586,0.24897269514077303,0.10967610784434345,1.0856490727961736,TRUE,1.3116700794718064,0.039486277600958596,0.09947181443374403,NA,50,30,0.5
A,"1 obs/item, naive SE",0.7561757999228037,0.09720336277651061,0.5656572088808429,0.9466943909647645,FALSE,0.5120992987038306,NA,NA,NA,50,31,0.5
B,+ (1|variant): captures phi,0.3200233637905758,0.19189610768247362,-0.0560930072670725,0.6961397348482241,TRUE,1.0109718363770088,NA,NA,NA,50,31,0.5
C,+ (1|judge): captures lambda,0.5101072224980842,0.16487082338657374,0.18696040866039965,0.8332540363357687,TRUE,0.8685937463615228,NA,NA,NA,50,31,0.5
D,+ (1|temp): captures tau,0.4706671391161672,0.3265322724017669,-0.16933611479129596,1.1106703930236304,TRUE,1.7202794525285843,NA,NA,NA,50,31,0.5
E,+ interactions: lumps eps into residual,0.4706671391161672,0.3186941256969851,-0.1539733472499235,1.095307625482258,TRUE,1.6789855166399126,NA,NA,0.2164722231108784,50,31,0.5
F,+ (1|item:variant:judge:temp): splits eps/rho,0.4706671391161673,0.3176333226380197,-0.15189417325435128,1.093228451486686,TRUE,1.6733968570807978,0.039544253745686125,0.10039979015587182,NA,50,31,0.5
A,"1 obs/item, naive SE",0.2973506385165708,0.10156124877512959,0.09829059091731679,0.4964106861158248,FALSE,0.5350580760545183,NA,NA,NA,50,32,0.5
B,+ (1|variant): captures phi,0.442707753618394,0.16737780678332984,0.1146472523230675,0.7707682549137205,TRUE,0.8818013597883617,NA,NA,NA,50,32,0.5
C,+ (1|judge): captures lambda,0.39730820322443555,0.15701661290537497,0.08955564192990062,0.7050607645189705,TRUE,0.8272151812130942,NA,NA,NA,50,32,0.5
D,+ (1|temp): captures tau,0.5399713001388151,0.20202248567360367,0.14400722821855194,0.9359353720590783,TRUE,1.0643209275971404,NA,NA,NA,50,32,0.5
E,+ interactions: lumps eps into residual,0.5399713001388151,0.1873038141789594,0.17285582434805474,0.9070867759295755,TRUE,0.9867781231615634,NA,NA,0.21024996512264005,50,32,0.5
F,+ (1|item:variant:judge:temp): splits eps/rho,0.5399713001388154,0.18560184176281835,0.17619169028369147,0.9037509099939394,TRUE,0.9778115724597835,0.040319013069942455,0.10039527824837562,NA,50,32,0.5
A,"1 obs/item, naive SE",0.32591643227076367,0.08659935885461964,0.1561816889157092,0.4956511756258182,FALSE,0.4562339169233839,NA,NA,NA,50,33,0.5
B,+ (1|variant): captures phi,0.31912642430175425,0.08665965091716549,0.1492735085041099,0.4889793400993986,FALSE,0.4565515553472533,NA,NA,NA,50,33,0.5
C,+ (1|judge): captures lambda,0.6279967274578452,0.18573254331976208,0.2639609425511115,0.9920325123645788,TRUE,0.978500151267538,NA,NA,NA,50,33,0.5
D,+ (1|temp): captures tau,0.31976180730393394,0.23404956753891096,-0.1389753450723315,0.7784989596801994,TRUE,1.2330501329895835,NA,NA,NA,50,33,0.5
E,+ interactions: lumps eps into residual,0.31976180730393394,0.22905418172092917,-0.12918438886908723,0.7687080034769551,TRUE,1.2067327968288462,NA,NA,0.22133429429031837,50,33,0.5
F,+ (1|item:variant:judge:temp): splits eps/rho,0.319761807303934,0.22743748369467445,-0.12601566073762793,0.7655392753454959,TRUE,1.1982154996714995,0.041658700374211516,0.09707422127585372,NA,50,33,0.5
A,"1 obs/item, naive SE",0.22383720803043652,0.0754424809776428,0.07596994531425663,0.3717044707466164,FALSE,0.39745581323102086,NA,NA,NA,50,34,0.5
B,+ (1|variant): captures phi,0.1313432768180312,0.14174479649112023,-0.14647652430456443,0.40916307794062684,FALSE,0.7467582273353279,NA,NA,NA,50,34,0.5
C,+ (1|judge): captures lambda,0.4295770053083436,0.21754167249001055,0.0031953272279229283,0.8559586833887642,TRUE,1.146081110147699,NA,NA,NA,50,34,0.5
D,+ (1|temp): captures tau,0.28096489134431984,0.19886388543957387,-0.10880832411724495,0.6707381068058846,TRUE,1.047680382264862,NA,NA,NA,50,34,0.5
E,+ interactions: lumps eps into residual,0.28096489134431984,0.1795642736397681,-0.07098108498962563,0.6329108676782653,TRUE,0.9460036769983953,NA,NA,0.22374201180756648,50,34,0.5
F,+ (1|item:variant:judge:temp): splits eps/rho,0.28096489134431996,0.17753673042896043,-0.06700710029644247,0.6289368829850823,TRUE,0.9353219122251581,0.04131854282144046,0.10128103419748191,NA,50,34,0.5
A,"1 obs/item, naive SE",0.8959972119917455,0.06578313564563013,0.7670622661263105,1.0249321578571806,FALSE,0.34656720373059774,NA,NA,NA,50,35,0.5
B,+ (1|variant): captures phi,0.6054512112442216,0.12111570873221426,0.3680644221290817,0.8428380003593616,TRUE,0.6380774052682505,NA,NA,NA,50,35,0.5
C,+ (1|judge): captures lambda,0.8747626801896863,0.20979340637740262,0.4635676036899771,1.2859577566893954,TRUE,1.1052606947927273,NA,NA,NA,50,35,0.5
D,+ (1|temp): captures tau,0.7628905794910509,0.21417325156181855,0.3431110064298865,1.1826701525522152,TRUE,1.128335160359599,NA,NA,NA,50,35,0.5
E,+ interactions: lumps eps into residual,0.7628905794910509,0.20156234643018833,0.36782838048788175,1.15795277849422,TRUE,1.0618967626595457,NA,NA,0.2179155133587624,50,35,0.5
F,+ (1|item:variant:judge:temp): splits eps/rho,0.7628905794910509,0.1998985771754782,0.3710893682271136,1.1546917907549883,TRUE,1.0531314787824746,0.04168781699618188,0.10121574365235499,NA,50,35,0.5
A,"1 obs/item, naive SE",0.5660443025959406,0.07642594055993732,0.4162494590984635,0.7158391460934177,TRUE,0.4026370019060929,NA,NA,NA,50,36,0.5
B,+ (1|variant): captures phi,0.9862111255522676,0.20220514158846215,0.5898890480388819,1.3825332030656534,FALSE,1.0652832190573462,NA,NA,NA,50,36,0.5
C,+ (1|judge): captures lambda,0.6091754437730164,0.264418210533755,0.09091575112685646,1.1274351364191761,TRUE,1.3930421367230672,NA,NA,NA,50,36,0.5
D,+ (1|temp): captures tau,0.43041191289119113,0.21163532842846963,0.015606669171390641,0.8452171566109916,TRUE,1.114964546220041,NA,NA,NA,50,36,0.5
E,+ interactions: lumps eps into residual,0.43041191289119113,0.19210597332946672,0.05388420516543635,0.8069396206169459,TRUE,1.0120774776591348,NA,NA,0.2153740200852459,50,36,0.5
F,+ (1|item:variant:judge:temp): splits eps/rho,0.4304119128911912,0.19029278024884838,0.057438063603448386,0.803385762178934,TRUE,1.002524979901067,0.039511757982025775,0.09974648016158912,NA,50,36,0.5
A,"1 obs/item, naive SE",0.8075973748645227,0.08538226191054496,0.6402481415198545,0.9749466082091908,FALSE,0.44982184975089057,NA,NA,NA,50,37,0.5
B,+ (1|variant): captures phi,0.8615032465558135,0.13889471565325995,0.5892696038754239,1.133736889236203,FALSE,0.7317430636966665,NA,NA,NA,50,37,0.5
C,+ (1|judge): captures lambda,0.5469143943586833,0.24369829873202561,0.06926572884391308,1.0245630598734534,TRUE,1.2838828237138373,NA,NA,NA,50,37,0.5
D,+ (1|temp): captures tau,0.32943216106700757,0.2550244721065821,-0.1704158042618933,0.8292801263959084,TRUE,1.3435528317920966,NA,NA,NA,50,37,0.5
E,+ interactions: lumps eps into residual,0.32943216106700757,0.24050519370259602,-0.14195801859008061,0.8008223407240957,TRUE,1.267060495766005,NA,NA,0.200897420865103,50,37,0.5
F,+ (1|item:variant:judge:temp): splits eps/rho,0.32943216106700757,0.23935863608868047,-0.13971076566680612,0.7985750878008213,TRUE,1.261020052994908,0.03881893929694277,0.10128396629621796,NA,50,37,0.5
A,"1 obs/item, naive SE",0.7628181473899481,0.08285259650773551,0.6004270582347866,0.9252092365451097,FALSE,0.43649474005292127,NA,NA,NA,50,38,0.5
B,+ (1|variant): captures phi,0.6326623583168259,0.1134644931533436,0.4102719517362725,0.8550527648973794,TRUE,0.5977682840583172,NA,NA,NA,50,38,0.5
C,+ (1|judge): captures lambda,0.679784439801727,0.18401950162765965,0.31910621661151406,1.0404626629919398,TRUE,0.9694752839777814,NA,NA,NA,50,38,0.5
D,+ (1|temp): captures tau,0.7794771510797573,0.19212219813691075,0.4029176427314123,1.1560366594281024,TRUE,1.0121629552833278,NA,NA,NA,50,38,0.5
E,+ interactions: lumps eps into residual,0.7794771510797573,0.17755314041877032,0.43147299585896753,1.127481306300547,TRUE,0.9354083654509865,NA,NA,0.21710585763978144,50,38,0.5
F,+ (1|item:variant:judge:temp): splits eps/rho,0.779477151079757,0.1756134412124876,0.43527480630328136,1.1236794958562326,TRUE,0.9251893917975996,0.040443531028039964,0.09906966095621664,NA,50,38,0.5
A,"1 obs/item, naive SE",0.8108976790061524,0.08373861338940763,0.6467699967629135,0.9750253612493913,FALSE,0.44116256851876623,NA,NA,NA,50,39,0.5
B,+ (1|variant): captures phi,1.1241998969224785,0.2014575286964816,0.7293431406773745,1.5190566531675824,FALSE,1.0613445483493642,NA,NA,NA,50,39,0.5
C,+ (1|judge): captures lambda,0.5812870250203841,0.3596733618759497,-0.12367276425647733,1.2862468142972454,TRUE,1.894877616555386,NA,NA,NA,50,39,0.5
D,+ (1|temp): captures tau,0.436283865015987,0.27355857445287607,-0.09989094091165013,0.972458670943624,TRUE,1.4411965813757865,NA,NA,NA,50,39,0.5
E,+ interactions: lumps eps into residual,0.436283865015987,0.25628325646438743,-0.06603131765421238,0.9385990476861863,TRUE,1.3501845219768651,NA,NA,0.2070478219599692,50,39,0.5
F,+ (1|item:variant:judge:temp): splits eps/rho,0.436283865015987,0.2554136809160769,-0.06432694957952373,0.9368946796114976,TRUE,1.345603311864992,0.04171124747478933,0.10040052288504152,NA,50,39,0.5
A,"1 obs/item, naive SE",0.4467953141024398,0.08109737523527083,0.2878444586413089,0.6057461695635706,TRUE,0.42724765685513283,NA,NA,NA,50,40,0.5
B,+ (1|variant): captures phi,0.5424657583974517,0.16870866311854202,0.21179677868510938,0.873134738109794,TRUE,0.8888127488645264,NA,NA,NA,50,40,0.5
C,+ (1|judge): captures lambda,0.24133685473119879,0.3050239798311891,-0.3565101457379318,0.8391838552003295,TRUE,1.6069666902218531,NA,NA,NA,50,40,0.5
D,+ (1|temp): captures tau,0.45634251096280054,0.2818117118024265,-0.09600844416995535,1.0086934660955564,TRUE,1.4846768245287785,NA,NA,NA,50,40,0.5
E,+ interactions: lumps eps into residual,0.45634251096280054,0.27511588478644955,-0.08288462321864054,0.9955696451442416,TRUE,1.4494010046272827,NA,NA,0.21864280606152237,50,40,0.5
F,+ (1|item:variant:judge:temp): splits eps/rho,0.4563425109628005,0.2738124519264213,-0.08032989481298519,0.9930149167385862,TRUE,1.4425340914417513,0.038263289071786326,0.09918571846383785,NA,50,40,0.5
A,"1 obs/item, naive SE",0.23870861967177226,0.07279101068843198,0.09603823872244557,0.381379000621099,FALSE,0.3834869953130565,NA,NA,NA,50,41,0.5
B,+ (1|variant): captures phi,0.43118800532322993,0.11866167845956492,0.19861111554248267,0.6637648951039772,TRUE,0.6251487663227944,NA,NA,NA,50,41,0.5
C,+ (1|judge): captures lambda,0.2714382386802469,0.15509030857755324,-0.032538766131757435,0.5754152434922513,TRUE,0.8170667761868636,NA,NA,NA,50,41,0.5
D,+ (1|temp): captures tau,0.4748298688698343,0.16790411575739272,0.14573780198534458,0.803921935754324,TRUE,0.8845741286393615,NA,NA,NA,50,41,0.5
E,+ interactions: lumps eps into residual,0.4748298688698343,0.15855424028285414,0.1640635579154402,0.7855961798242284,TRUE,0.8353159081754455,NA,NA,0.20012214753165675,50,41,0.5
F,+ (1|item:variant:judge:temp): splits eps/rho,0.47482986886983436,0.1568256992285302,0.16745149838191514,0.7822082393577536,TRUE,0.8262093851456274,0.03877751871760275,0.10115481128418449,NA,50,41,0.5
A,"1 obs/item, naive SE",0.10929443237511624,0.07966734333171897,-0.04685356055505294,0.2654424253052854,FALSE,0.41971377825242695,NA,NA,NA,50,42,0.5
B,+ (1|variant): captures phi,-0.006967197462708236,0.10499186568171855,-0.21275125419887658,0.1988168592734601,FALSE,0.5531316947216519,NA,NA,NA,50,42,0.5
C,+ (1|judge): captures lambda,0.23070838571970875,0.16655015565653278,-0.09572991936709546,0.557146690806513,TRUE,0.8774410213237481,NA,NA,NA,50,42,0.5
D,+ (1|temp): captures tau,0.4674163559666668,0.24704234793299737,-0.01678664598200802,0.9516193579153416,TRUE,1.3015003752237173,NA,NA,NA,50,42,0.5
E,+ interactions: lumps eps into residual,0.4674163559666668,0.2379322951222352,0.0010690575270858038,0.9337636544062478,TRUE,1.253505619463338,NA,NA,0.21714510593563674,50,42,0.5
F,+ (1|item:variant:judge:temp): splits eps/rho,0.46741635596666675,0.23641858728521303,0.0040359248876492004,0.9307967870456844,TRUE,1.2455309085105513,0.03576923981784549,0.10132452266718982,NA,50,42,0.5
A,"1 obs/item, naive SE",1.1001976605817376,0.09051948063561883,0.9227794785359247,1.2776158426275506,FALSE,0.4768864083346009,NA,NA,NA,50,43,0.5
B,+ (1|variant): captures phi,0.976272789704582,0.10035250737624524,0.7795818752471413,1.1729637041620227,FALSE,0.5286900286433792,NA,NA,NA,50,43,0.5
C,+ (1|judge): captures lambda,0.7956773824275376,0.1601578785742929,0.48176794042192356,1.1095868244331517,TRUE,0.8437644023526331,NA,NA,NA,50,43,0.5
D,+ (1|temp): captures tau,0.5037599364898194,0.20667256738853493,0.098681704408291,0.9088381685713478,TRUE,1.0888190881248463,NA,NA,NA,50,43,0.5
E,+ interactions: lumps eps into residual,0.5037599364898194,0.19689549337062928,0.11784476948338601,0.8896751034962529,TRUE,1.0373102451699312,NA,NA,0.20296012644687242,50,43,0.5
F,+ (1|item:variant:judge:temp): splits eps/rho,0.5037599364898193,0.1953532465784656,0.12086757319602676,0.8866522997836119,TRUE,1.029185181611059,0.03876585514157569,0.0979498663212842,NA,50,43,0.5
A,"1 obs/item, naive SE",0.1349540841335429,0.08559287821990826,-0.03280795717747728,0.30271612544456306,FALSE,0.4509314457693793,NA,NA,NA,50,44,0.5
B,+ (1|variant): captures phi,0.4499455768131771,0.122267092482331,0.21030207554780833,0.6895890780785459,TRUE,0.6441432737128374,NA,NA,NA,50,44,0.5
C,+ (1|judge): captures lambda,0.42304958615718963,0.15905771221816278,0.1112964702095906,0.7348027021047887,TRUE,0.8379683639920351,NA,NA,NA,50,44,0.5
D,+ (1|temp): captures tau,0.3167193584324434,0.18567668676942312,-0.047206947635625884,0.6806456645005128,TRUE,0.9782058805814264,NA,NA,NA,50,44,0.5
E,+ interactions: lumps eps into residual,0.3167193584324434,0.1678260615296105,-0.012219722165593139,0.64565843903048,TRUE,0.8841629132846,NA,NA,0.21027609401282987,50,44,0.5
F,+ (1|item:variant:judge:temp): splits eps/rho,0.31671935843244314,0.16653378981830996,-0.009686869611444382,0.6431255864763307,TRUE,0.8773548007030081,0.03952270157155611,0.0994258620862623,NA,50,44,0.5
A,"1 obs/item, naive SE",0.32571848886493426,0.08266655366844845,0.1636920436747753,0.4877449340550932,FALSE,0.43551460516039886,NA,NA,NA,50,45,0.5
B,+ (1|variant): captures phi,0.3199282940724562,0.10621334051960778,0.11175014665402497,0.5281064414908875,TRUE,0.5595668260792536,NA,NA,NA,50,45,0.5
C,+ (1|judge): captures lambda,0.5625559110987813,0.16880349729191085,0.23170105640663607,0.8934107657909266,TRUE,0.8893123664938773,NA,NA,NA,50,45,0.5
D,+ (1|temp): captures tau,0.5230496931933682,0.192048362181299,0.1466349033180222,0.8994644830687143,TRUE,1.011773963174332,NA,NA,NA,50,45,0.5
E,+ interactions: lumps eps into residual,0.5230496931933682,0.17763946097070166,0.17487634969079302,0.8712230366959435,TRUE,0.9358631305212999,NA,NA,0.214280606289923,50,45,0.5
F,+ (1|item:variant:judge:temp): splits eps/rho,0.5230496931933682,0.17577856480846105,0.1785237061687846,0.867575680217952,TRUE,0.9260593172331206,0.04083686000996424,0.10136795975007169,NA,50,45,0.5
A,"1 obs/item, naive SE",-0.3460454895850153,0.09208892333638412,-0.5265397793243282,-0.16555119984570243,FALSE,0.4851547488884728,NA,NA,NA,50,46,0.5
B,+ (1|variant): captures phi,-0.180774478472759,0.18344943192119104,-0.5403353650382934,0.17878640809277543,FALSE,0.9664719691895257,NA,NA,NA,50,46,0.5
C,+ (1|judge): captures lambda,0.0836790092894286,0.19764807352707126,-0.30371121482363106,0.4710692334024883,FALSE,1.0412750850615147,NA,NA,NA,50,46,0.5
D,+ (1|temp): captures tau,0.389322839512328,0.2470846685833948,-0.09496311091112586,0.8736087899357818,TRUE,1.301723334335112,NA,NA,NA,50,46,0.5
E,+ interactions: lumps eps into residual,0.389322839512328,0.24036933536622773,-0.08180105780547836,0.8604467368301343,TRUE,1.2663447493474655,NA,NA,0.21549674735214247,50,46,0.5
F,+ (1|item:variant:judge:temp): splits eps/rho,0.3893228395123282,0.2389633283920181,-0.07904528413602724,0.8576909631606837,TRUE,1.2589374419776485,0.03909085233638688,0.10059299580975123,NA,50,46,0.5
A,"1 obs/item, naive SE",0.5762287928641433,0.08385254240384465,0.4118778097526078,0.7405797759756788,TRUE,0.4417627840537921,NA,NA,NA,50,47,0.5
B,+ (1|variant): captures phi,0.8250248366284002,0.14649219190819554,0.537900140488337,1.1121495327684634,FALSE,0.7717690684658319,NA,NA,NA,50,47,0.5
C,+ (1|judge): captures lambda,0.7191135097910561,0.21420844982995751,0.2992649481243394,1.1389620714577728,TRUE,1.1285205964177218,NA,NA,NA,50,47,0.5
D,+ (1|temp): captures tau,0.49902118096139275,0.2439543891697317,0.020870578188718625,0.9771717837340669,TRUE,1.2852319924031506,NA,NA,NA,50,47,0.5
E,+ interactions: lumps eps into residual,0.49902118096139275,0.2355548277398898,0.03733371859120871,0.9607086433315768,TRUE,1.2409803390161012,NA,NA,0.21701904761405216,50,47,0.5
F,+ (1|item:variant:judge:temp): splits eps/rho,0.4990211809613927,0.23406324804398734,0.04025721479517752,0.9577851471276079,TRUE,1.2331222063917315,0.037593345234496194,0.10082497403361206,NA,50,47,0.5
A,"1 obs/item, naive SE",0.5662520078995908,0.09223952908162174,0.38546253089961224,0.7470414848995695,TRUE,0.4859481895093933,NA,NA,NA,50,48,0.5
B,+ (1|variant): captures phi,0.6865706317167656,0.13624283037405513,0.41953468418361756,0.9536065792499135,TRUE,0.7177720594748664,NA,NA,NA,50,48,0.5
C,+ (1|judge): captures lambda,0.5317005837247301,0.1571823227481885,0.2236232311382806,0.8397779363111795,TRUE,0.8280881951898662,NA,NA,NA,50,48,0.5
D,+ (1|temp): captures tau,0.7698020655838678,0.2069764219759467,0.3641282785110122,1.1754758526567233,TRUE,1.0904198940710284,NA,NA,NA,50,48,0.5
E,+ interactions: lumps eps into residual,0.7698020655838678,0.20406564384695478,0.36983340364383643,1.169770727523899,TRUE,1.075084957130972,NA,NA,0.21294771350907837,50,48,0.5
F,+ (1|item:variant:judge:temp): splits eps/rho,0.7698020655838678,0.2024202918656959,0.3730582935271038,1.1665458376406317,TRUE,1.0664167015104242,0.040641426522061444,0.09861281564231084,NA,50,48,0.5
A,"1 obs/item, naive SE",0.7460956882578977,0.08755347803228768,0.574490871314614,0.9177005052011815,FALSE,0.4612605306927765,NA,NA,NA,50,49,0.5
B,+ (1|variant): captures phi,0.6041587886477224,0.12693496542275914,0.3553662564191145,0.8529513208763304,TRUE,0.6687351642704498,NA,NA,NA,50,49,0.5
C,+ (1|judge): captures lambda,0.4225865864035575,0.22851712316407524,-0.025306974998029974,0.8704801478051449,TRUE,1.2039033956386824,NA,NA,NA,50,49,0.5
D,+ (1|temp): captures tau,0.5543942642662313,0.1671158767602605,0.22684714581612075,0.8819413827163418,TRUE,0.8804214262419093,NA,NA,NA,50,49,0.5
E,+ interactions: lumps eps into residual,0.5543942642662313,0.14810704298539737,0.26410446001485244,0.8446840685176101,TRUE,0.7802766352878515,NA,NA,0.22079026512996716,50,49,0.5
F,+ (1|item:variant:judge:temp): splits eps/rho,0.5543942642662315,0.14573327234689742,0.26875705046631254,0.8400314780661504,TRUE,0.7677708305035615,0.04112105212016459,0.10131508559284622,NA,50,49,0.5
A,"1 obs/item, naive SE",0.8474567797883936,0.07647495501132998,0.6975658679661869,0.9973476916106003,FALSE,0.40289522616364504,NA,NA,NA,50,50,0.5
B,+ (1|variant): captures phi,0.863928935225647,0.09245535940712998,0.6827164307876722,1.0451414396636216,FALSE,0.4870852546805429,NA,NA,NA,50,50,0.5
C,+ (1|judge): captures lambda,0.7786371970997618,0.07119751271192679,0.6390900721843853,0.9181843220151382,FALSE,0.37509192365148764,NA,NA,NA,50,50,0.5
D,+ (1|temp): captures tau,0.5254819672061019,0.17344526817202646,0.18552924158892997,0.8654346928232737,TRUE,0.9137667428091943,NA,NA,NA,50,50,0.5
E,+ interactions: lumps eps into residual,0.5254819672061019,0.16165177826072918,0.20864448181507267,0.842319452597131,TRUE,0.8516347574504998,NA,NA,0.22191076673703927,50,50,0.5
F,+ (1|item:variant:judge:temp): splits eps/rho,0.5254819672061019,0.159669116769343,0.21253049833818954,0.8384334360740142,TRUE,0.8411894443429649,0.03826059234500781,0.0992978912166822,NA,50,50,0.5
A,"1 obs/item, naive SE",0.7090992449901977,0.08838828354869091,0.5358582092347636,0.8823402807456319,FALSE,0.4656585608359013,NA,NA,NA,50,51,0.5
B,+ (1|variant): captures phi,0.8036386686438094,0.0947533772746944,0.6179220491854084,0.9893552881022104,FALSE,0.4991919689420066,NA,NA,NA,50,51,0.5
C,+ (1|judge): captures lambda,0.5861368311707914,0.14970191977487837,0.29272106841202983,0.879552593929553,TRUE,0.7886789709898588,NA,NA,NA,50,51,0.5
D,+ (1|temp): captures tau,0.6261263139643569,0.12474742665153812,0.3816213577273422,0.8706312702013717,TRUE,0.6572104902403407,NA,NA,NA,50,51,0.5
E,+ interactions: lumps eps into residual,0.6261263139643569,0.12141378422555596,0.38815529688226724,0.8640973310464466,TRUE,0.6396477650453298,NA,NA,0.21980808222778386,50,51,0.5
F,+ (1|item:variant:judge:temp): splits eps/rho,0.626126313964357,0.12016742457093468,0.39059816180532503,0.861654466123389,TRUE,0.6330815322851343,0.03651938827941503,0.10067893223763567,NA,50,51,0.5
A,"1 obs/item, naive SE",0.3388498720289624,0.08683341877206796,0.16865637123570917,0.5090433728222156,TRUE,0.4574670215831017,NA,NA,NA,50,52,0.5
B,+ (1|variant): captures phi,0.3781055112309454,0.10181582283881552,0.17854649846686696,0.5776645239950238,TRUE,0.5363992559865489,NA,NA,NA,50,52,0.5
C,+ (1|judge): captures lambda,0.5380126031044834,0.1258961232613972,0.2912562015121449,0.7847690046968219,TRUE,0.6632622019458791,NA,NA,NA,50,52,0.5
D,+ (1|temp): captures tau,0.3166182335372827,0.1852800225769992,-0.046530610713635734,0.6797670777882011,TRUE,0.9761161230981565,NA,NA,NA,50,52,0.5
E,+ interactions: lumps eps into residual,0.3166182335372827,0.17843489673226545,-0.033114164057957585,0.6663506311325229,TRUE,0.9400537478417863,NA,NA,0.21219151541447592,50,52,0.5
F,+ (1|item:variant:judge:temp): splits eps/rho,0.31661823353728263,0.17717190382843157,-0.03063869796644325,0.6638751650410085,TRUE,0.9333998856517681,0.041669826288313755,0.09936822584411512,NA,50,52,0.5
A,"1 obs/item, naive SE",1.0865827965614383,0.08290500039106596,0.924088995794949,1.2490765973279276,FALSE,0.4367708209531735,NA,NA,NA,50,53,0.5
B,+ (1|variant): captures phi,1.1237840730935875,0.1033740445563957,0.9211709457630519,1.3263972004241231,FALSE,0.5446084807088721,NA,NA,NA,50,53,0.5
C,+ (1|judge): captures lambda,1.270393534387281,0.15941738385315887,0.9579354620350896,1.5828516067394722,FALSE,0.8398632325108192,NA,NA,NA,50,53,0.5
D,+ (1|temp): captures tau,0.9908558705104265,0.20044005298371964,0.5979933666623359,1.383718374358517,FALSE,1.0559841515063912,NA,NA,NA,50,53,0.5
E,+ interactions: lumps eps into residual,0.9908558705104265,0.19069435708594612,0.6170949306219721,1.3646168103988807,FALSE,1.004640618812925,NA,NA,0.1999494609356322,50,53,0.5
F,+ (1|item:variant:judge:temp): splits eps/rho,0.9908558705104266,0.18957740592660352,0.6192841548942837,1.3624275861265693,FALSE,0.9987561525861661,0.03979160532051582,0.09840012231822892,NA,50,53,0.5
A,"1 obs/item, naive SE",0.7253467253828226,0.07850046272275919,0.5714858184462146,0.8792076323194307,FALSE,0.41356626725639994,NA,NA,NA,50,54,0.5
B,+ (1|variant): captures phi,0.8208879575602279,0.16183703247272097,0.5036873739136949,1.138088541206761,FALSE,0.8526107375949423,NA,NA,NA,50,54,0.5
C,+ (1|judge): captures lambda,0.6481099081345798,0.19536357166202986,0.2651973076770013,1.0310225085921583,TRUE,1.0292395775486203,NA,NA,NA,50,54,0.5
D,+ (1|temp): captures tau,0.7559268172913027,0.24739416002046,0.27103426365120115,1.2408193709314044,TRUE,1.3033538370600055,NA,NA,NA,50,54,0.5
E,+ interactions: lumps eps into residual,0.7559268172913027,0.23745906368639288,0.2905070524659727,1.2213465821166327,TRUE,1.2510124805482097,NA,NA,0.203946942565139,50,54,0.5
F,+ (1|item:variant:judge:temp): splits eps/rho,0.7559268172913027,0.2362139922932838,0.2929473923964665,1.218906242186139,TRUE,1.2444530347735472,0.039240651456253946,0.09900112385175276,NA,50,54,0.5
A,"1 obs/item, naive SE",0.4082152809378621,0.078809202148888,0.2537492447260416,0.5626813171496825,TRUE,0.4151928081402405,NA,NA,NA,50,55,0.5
B,+ (1|variant): captures phi,0.4490007406776961,0.09518695655919437,0.2624343058216751,0.6355671755337171,TRUE,0.5014762072768001,NA,NA,NA,50,55,0.5
C,+ (1|judge): captures lambda,0.33646400748041266,0.12238237759967427,0.0965945473850511,0.5763334675757742,TRUE,0.6447506336441828,NA,NA,NA,50,55,0.5
D,+ (1|temp): captures tau,0.24465642567999174,0.1550544650444967,-0.05925032580722178,0.5485631771672053,TRUE,0.8168779406608383,NA,NA,NA,50,55,0.5
E,+ interactions: lumps eps into residual,0.24465642567999174,0.14567565313747538,-0.04086785446946001,0.5301807058294434,TRUE,0.7674672735494185,NA,NA,0.2171602696083043,50,55,0.5
F,+ (1|item:variant:judge:temp): splits eps/rho,0.24465642567999166,0.14404296055983426,-0.037667777017283494,0.5269806283772668,TRUE,0.7588657118325536,0.03800209551600445,0.10056760282105373,NA,50,55,0.5
A,"1 obs/item, naive SE",0.4435539828953138,0.09277895405322353,0.2617072329509956,0.6254007328396319,TRUE,0.48879005775108925,NA,NA,NA,50,56,0.5
B,+ (1|variant): captures phi,0.6599563233439238,0.11238925277029338,0.43967338791414884,0.8802392587736989,TRUE,0.5921035639254957,NA,NA,NA,50,56,0.5
C,+ (1|judge): captures lambda,0.43826923389258204,0.15269213356440337,0.13899265210635148,0.7375458156788126,TRUE,0.8044324011269519,NA,NA,NA,50,56,0.5
D,+ (1|temp): captures tau,0.5639587367647787,0.22209501691115607,0.12865250361891278,0.9992649699106446,TRUE,1.1700696267814992,NA,NA,NA,50,56,0.5
E,+ interactions: lumps eps into residual,0.5639587367647787,0.20809165272370506,0.15609909742631678,0.9718183761032406,TRUE,1.0962952966034807,NA,NA,0.2065077813555004,50,56,0.5
F,+ (1|item:variant:judge:temp): splits eps/rho,0.5639587367647786,0.2066437193108979,0.1589370469154187,0.9689804266141384,TRUE,1.0886671069597416,0.040571495634623526,0.1004413883528071,NA,50,56,0.5
A,"1 obs/item, naive SE",0.9589544761353481,0.07732328873607029,0.8074008302126503,1.110508122058046,FALSE,0.4073645273595838,NA,NA,NA,50,57,0.5
B,+ (1|variant): captures phi,0.7029561838676488,0.13638126550051596,0.43564890348663754,0.9702634642486601,TRUE,0.7185013812714751,NA,NA,NA,50,57,0.5
C,+ (1|judge): captures lambda,0.43786118795196866,0.21968087489167426,0.007286673164287105,0.8684357027396502,TRUE,1.1573511322784793,NA,NA,NA,50,57,0.5
D,+ (1|temp): captures tau,0.453253525048542,0.23858771570623052,-0.014378397735669846,0.9208854478327538,TRUE,1.256958590758084,NA,NA,NA,50,57,0.5
E,+ interactions: lumps eps into residual,0.453253525048542,0.22945719610432422,0.003517420684066519,0.9029896294130175,TRUE,1.208856009207606,NA,NA,0.21996200017235404,50,57,0.5
F,+ (1|item:variant:judge:temp): splits eps/rho,0.4532535250485421,0.2278299763476499,0.006706771407148315,0.899800278689936,TRUE,1.20028328011236,0.03820088730006234,0.09978383971014713,NA,50,57,0.5
A,"1 obs/item, naive SE",0.8971034477927643,0.08175076975975797,0.7368719390636387,1.05733495652189,FALSE,0.43068995420173906,NA,NA,NA,50,58,0.5
B,+ (1|variant): captures phi,1.0115442948733753,0.09399947590973438,0.827305322090296,1.1957832676564546,FALSE,0.4952201684892225,NA,NA,NA,50,58,0.5
C,+ (1|judge): captures lambda,0.7144557735298863,0.17388712012543486,0.373637018084034,1.0552745289757386,TRUE,0.9160945642858197,NA,NA,NA,50,58,0.5
D,+ (1|temp): captures tau,0.3572408408622385,0.23139396819467842,-0.09629133679933116,0.8107730185238082,TRUE,1.219059561851149,NA,NA,NA,50,58,0.5
E,+ interactions: lumps eps into residual,0.3572408408622385,0.21654033697598826,-0.06717821961069848,0.7816599013351755,TRUE,1.1408057451824247,NA,NA,0.20854518449387283,50,58,0.5
F,+ (1|item:variant:judge:temp): splits eps/rho,0.35724084086223845,0.21513743593106885,-0.06442853356265649,0.7789102152871334,TRUE,1.1334148008700773,0.041865264679687104,0.09941957665265905,NA,50,58,0.5
A,"1 obs/item, naive SE",0.38256356912715817,0.08938693214212053,0.20736518212860194,0.5577619561257143,TRUE,0.47091977021939446,NA,NA,NA,50,59,0.5
B,+ (1|variant): captures phi,0.4682832788010214,0.0955559863049777,0.28099354564326506,0.6555730119587777,TRUE,0.5034203774023852,NA,NA,NA,50,59,0.5
C,+ (1|judge): captures lambda,0.580162403359746,0.12915249325289785,0.3270235165840662,0.8333012901354258,TRUE,0.6804178305304763,NA,NA,NA,50,59,0.5
D,+ (1|temp): captures tau,0.5792999042360619,0.15968819718982313,0.2663110377440086,0.8922887707281153,TRUE,0.8412899662762371,NA,NA,NA,50,59,0.5
E,+ interactions: lumps eps into residual,0.5792999042360619,0.13998431864817873,0.3049306396856316,0.8536691687864922,TRUE,0.7374834507946563,NA,NA,0.20973306811808728,50,59,0.5
F,+ (1|item:variant:judge:temp): splits eps/rho,0.579299904236062,0.13840890564762376,0.3080184491667195,0.8505813593054046,TRUE,0.729183656737037,0.041257101493111174,0.09960388874863284,NA,50,59,0.5
A,"1 obs/item, naive SE",0.533382576952296,0.08408303288085053,0.36857983250582893,0.698185321398763,TRUE,0.44297708372677774,NA,NA,NA,50,60,0.5
B,+ (1|variant): captures phi,0.543087416019948,0.09898000217235825,0.34908661176212585,0.7370882202777702,TRUE,0.5214592196229764,NA,NA,NA,50,60,0.5
C,+ (1|judge): captures lambda,0.6622738052004401,0.16836776145492438,0.3322729927487883,0.9922746176520919,TRUE,0.8870167667309974,NA,NA,NA,50,60,0.5
D,+ (1|temp): captures tau,0.3910686256836155,0.1899612436600685,0.01874458810988122,0.7633926632573498,TRUE,1.0007783360632483,NA,NA,NA,50,60,0.5
E,+ interactions: lumps eps into residual,0.3910686256836155,0.18275425332106932,0.03287028917431967,0.7492669621929113,TRUE,0.9628095395839291,NA,NA,0.211744712089743,50,60,0.5
F,+ (1|item:variant:judge:temp): splits eps/rho,0.39106862568361545,0.1808308595678622,0.036640140930605525,0.7454971104366254,TRUE,0.9526764684224578,0.03487076486886935,0.1004975673418306,NA,50,60,0.5
A,"1 obs/item, naive SE",0.6833475223360378,0.07961719852680886,0.5272978132234925,0.8393972314485831,FALSE,0.4194495989206157,NA,NA,NA,50,61,0.5
B,+ (1|variant): captures phi,0.6413278449403563,0.15011523855147782,0.3471019773794598,0.9355537125012529,TRUE,0.7908564703025559,NA,NA,NA,50,61,0.5
C,+ (1|judge): captures lambda,0.7071905128021873,0.17552343520520272,0.36316457979998995,1.0512164458043847,TRUE,0.9247152105358291,NA,NA,NA,50,61,0.5
D,+ (1|temp): captures tau,0.38847898568327055,0.23276186375833474,-0.06773426728306553,0.8446922386496066,TRUE,1.22626608577007,NA,NA,NA,50,61,0.5
E,+ interactions: lumps eps into residual,0.38847898568327055,0.21792350722962917,-0.0386510884868026,0.8156090598533436,TRUE,1.1480927411941375,NA,NA,0.21064982671706506,50,61,0.5
F,+ (1|item:variant:judge:temp): splits eps/rho,0.3884789856832706,0.21637898317645188,-0.03562382134257508,0.8125817927091163,TRUE,1.1399556802749404,0.03567997627446626,0.10120571444127867,NA,50,61,0.5
A,"1 obs/item, naive SE",0.1511183518014864,0.08832588980991092,-0.022000392225939025,0.3242370958289118,FALSE,0.46532985009009914,NA,NA,NA,50,62,0.5
B,+ (1|variant): captures phi,0.17560948562180886,0.12649966289235995,-0.07232985364721664,0.42354882489083434,FALSE,0.6664418473092459,NA,NA,NA,50,62,0.5
C,+ (1|judge): captures lambda,0.2983059857879795,0.22421046822090618,-0.1411465319249966,0.7377585035009556,TRUE,1.1812145203450675,NA,NA,NA,50,62,0.5
D,+ (1|temp): captures tau,0.4429313595804433,0.2115580365457191,0.02827760795083384,0.8575851112100528,TRUE,1.114557347149747,NA,NA,NA,50,62,0.5
E,+ interactions: lumps eps into residual,0.4429313595804433,0.2015115604497495,0.04796870109893425,0.8378940180619523,TRUE,1.061629205404078,NA,NA,0.20701978071244556,50,62,0.5
F,+ (1|item:variant:judge:temp): splits eps/rho,0.44293135958044333,0.20000681731802075,0.05091799763712268,0.834944721523764,TRUE,1.0537017234685055,0.039238327703144935,0.099535795147189507,NA,50,62,0.5
A,"1 obs/item, naive SE",0.8371244102663662,0.08985211526227829,0.6610142643523007,1.0132345561804317,FALSE,0.4733705079592952,NA,NA,NA,50,63,0.5
B,+ (1|variant): captures phi,0.5160041488723368,0.14026767390437217,0.24107950801976735,0.7909287897249062,TRUE,0.7389762595189217,NA,NA,NA,50,63,0.5
C,+ (1|judge): captures lambda,0.46424724589877325,0.19639652409730388,0.07931005866805768,0.8491844331294889,TRUE,1.0346815108582161,NA,NA,NA,50,63,0.5
D,+ (1|temp): captures tau,0.39150964486852047,0.23891399385602888,-0.0767617830892961,0.8597810728263371,TRUE,1.2586775314091219,NA,NA,NA,50,63,0.5
E,+ interactions: lumps eps into residual,0.39150964486852047,0.23074896671019715,-0.06075832988346597,0.8437776196205069,TRUE,1.2156614818009226,NA,NA,0.2112684445142751,50,63,0.5
F,+ (1|item:variant:judge:temp): splits eps/rho,0.39150964486852025,0.22931871994494438,-0.05795504622357073,0.8409743359606112,TRUE,1.2081264712360786,0.0368890664131378,0.10074545132243398,NA,50,63,0.5
A,"1 obs/item, naive SE",0.6040597119635891,0.09158847347469987,0.4245463039531774,0.7835731199740008,TRUE,0.48251821435011355,NA,NA,NA,50,64,0.5
B,+ (1|variant): captures phi,0.4597898733114541,0.1438292863805861,0.1778844720055054,0.7416952746174028,TRUE,0.757740005949356,NA,NA,NA,50,64,0.5
C,+ (1|judge): captures lambda,0.4464960984818999,0.23101191605479043,-0.00628725698548932,0.8992794539492892,TRUE,1.2170467854685585,NA,NA,NA,50,64,0.5
D,+ (1|temp): captures tau,0.6747415227511209,0.28203077964535256,0.1219611946462299,1.2275218508560117,TRUE,1.4858309460069514,NA,NA,NA,50,64,0.5
E,+ interactions: lumps eps into residual,0.6747415227511209,0.2665465473691875,0.15231028990751339,1.1971727555947282,TRUE,1.4042549154757573,NA,NA,0.21242821852112187,50,64,0.5
F,+ (1|item:variant:judge:temp): splits eps/rho,0.6747415227511208,0.265337957738776,0.1546791255831198,1.1948039199191216,TRUE,1.397887667630871,0.04085946490685126,0.10018091651541805,NA,50,64,0.5
A,"1 obs/item, naive SE",0.31695838904593526,0.08232390686434898,0.15560353159181126,0.47831324650005924,FALSE,0.433709429052594,NA,NA,NA,50,65,0.5
B,+ (1|variant): captures phi,0.5500967209629126,0.09208857331390757,0.36960311726765377,0.7305903246581715,TRUE,0.4851529048548957,NA,NA,NA,50,65,0.5
C,+ (1|judge): captures lambda,0.5069544002801086,0.1605857404166114,0.19220634906355033,0.8217024514966669,TRUE,0.846018519320759,NA,NA,NA,50,65,0.5
D,+ (1|temp): captures tau,0.40967213403759856,0.17247470970131243,0.07162170302302623,0.7477225650521708,TRUE,0.9086535214348839,NA,NA,NA,50,65,0.5
E,+ interactions: lumps eps into residual,0.40967213403759856,0.16627881938888506,0.08376564803538383,0.7355786200398133,TRUE,0.8760115325858452,NA,NA,0.21331979795596814,50,65,0.5
F,+ (1|item:variant:judge:temp): splits eps/rho,0.40967213403759856,0.16461957451332263,0.0870177679914862,0.7323265000837109,TRUE,0.8672700846268165,0.03752808396719605,0.09722204339722942,NA,50,65,0.5
A,"1 obs/item, naive SE",0.3560810300743391,0.08120864158111696,0.1969120925753499,0.5152499675733283,TRUE,0.4278338445759028,NA,NA,NA,50,66,0.5
B,+ (1|variant): captures phi,0.3616220764816468,0.07836199653670949,0.2080325632696962,0.5152115896935974,TRUE,0.41283678182765726,NA,NA,NA,50,66,0.5
C,+ (1|judge): captures lambda,0.6053264615265956,0.20355597994896313,0.20635674082662792,1.0042961822265632,TRUE,1.0723998800175774,NA,NA,NA,50,66,0.5
D,+ (1|temp): captures tau,0.6419360193179073,0.1885240660764585,0.2724288498080487,1.011443188827766,TRUE,0.993206811666796,NA,NA,NA,50,66,0.5
E,+ interactions: lumps eps into residual,0.6419360193179073,0.17666649786496547,0.29566968350257505,0.9882023551332396,TRUE,0.9307372407384764,NA,NA,0.21848073183339373,50,66,0.5
F,+ (1|item:variant:judge:temp): splits eps/rho,0.6419360193179073,0.1745813277171478,0.29975661699229766,0.9841154216435171,TRUE,0.9197518782996201,0.03576311302470105,0.09968036393889464,NA,50,66,0.5
A,"1 obs/item, naive SE",0.8763001679842265,0.0818772651820497,0.715820728227409,1.0367796077410438,FALSE,0.43135637370816887,NA,NA,NA,50,67,0.5
B,+ (1|variant): captures phi,0.7794564998287288,0.14405455001426035,0.4971095818007785,1.061803417856679,TRUE,0.7589267688918407,NA,NA,NA,50,67,0.5
C,+ (1|judge): captures lambda,0.7949645795239844,0.12476231384983204,0.5504304443783136,1.039498714669655,FALSE,0.6572889208994066,NA,NA,NA,50,67,0.5
D,+ (1|temp): captures tau,0.601644143442305,0.14286678490437227,0.32162524502973533,0.8816630418548747,TRUE,0.7526692314731296,NA,NA,NA,50,67,0.5
E,+ interactions: lumps eps into residual,0.601644143442305,0.1247121949972981,0.3572082412476007,0.8460800456370092,TRUE,0.6570248782932523,NA,NA,0.21940428183117247,50,67,0.5
F,+ (1|item:variant:judge:temp): splits eps/rho,0.601644143442305,0.12281617534274465,0.36092443977052546,0.8423638471140845,TRUE,0.6470360228906064,0.038059839775383825,0.09996233371665043,NA,50,67,0.5
A,"1 obs/item, naive SE",0.9470344314444182,0.08906686307233656,0.7724633798226386,1.121605483066198,FALSE,0.46923354104489556,NA,NA,NA,50,68,0.5
B,+ (1|variant): captures phi,0.7003173929254046,0.10952167165797913,0.48565491647576553,0.9149798693750437,TRUE,0.576996203082756,NA,NA,NA,50,68,0.5
C,+ (1|judge): captures lambda,0.7116484538674439,0.1508132896242183,0.41605440620397605,1.0072425015309117,TRUE,0.7945340330390608,NA,NA,NA,50,68,0.5
D,+ (1|temp): captures tau,0.5576644585918862,0.21117775342392686,0.14375606188098955,0.9715728553027828,TRUE,1.112553890536559,NA,NA,NA,50,68,0.5
E,+ interactions: lumps eps into residual,0.5576644585918862,0.20284159715145225,0.16009492817503979,0.9552339890087326,TRUE,1.0686362763812245,NA,NA,0.21430479503081912,50,68,0.5
F,+ (1|item:variant:judge:temp): splits eps/rho,0.5576644585918863,0.20161393753312953,0.1625011410269524,0.9528277761568202,TRUE,1.0621685615652718,0.04236645809550676,0.10092402253762199,NA,50,68,0.5
A,"1 obs/item, naive SE",0.6130341820766178,0.0765162648995392,0.4630623028735209,0.7630060612797146,TRUE,0.40311286024725296,NA,NA,NA,50,69,0.5
B,+ (1|variant): captures phi,0.6662503791737522,0.10101304999078906,0.46826480119180564,0.8642359571556988,TRUE,0.5321699844803971,NA,NA,NA,50,69,0.5
C,+ (1|judge): captures lambda,0.5272077290090289,0.19265698066951603,0.14960004689677747,0.9048154111212803,TRUE,1.0149803656288514,NA,NA,NA,50,69,0.5
D,+ (1|temp): captures tau,0.5245853281565107,0.1908719551854522,0.15047629599302442,0.898694360319997,TRUE,1.005576264037641,NA,NA,NA,50,69,0.5
E,+ interactions: lumps eps into residual,0.5245853281565107,0.1809965802517101,0.16983203086315896,0.8793386254498625,TRUE,0.9535495395133659,NA,NA,0.2125439621925158,50,69,0.5
F,+ (1|item:variant:judge:temp): splits eps/rho,0.5245853281565109,0.17917569557642368,0.17340096482672052,0.8757696914863013,TRUE,0.9439565199037597,0.040647370482723245,0.10010391051721405,NA,50,69,0.5
A,"1 obs/item, naive SE",0.20985348844693236,0.09887459564166325,0.016059280989272395,0.4036476959045923,FALSE,0.5209039033365243,NA,NA,NA,50,70,0.5
B,+ (1|variant): captures phi,0.17141019632520704,0.11102961966524358,-0.04620785821867038,0.38902825086908444,FALSE,0.5849405693571764,NA,NA,NA,50,70,0.5
C,+ (1|judge): captures lambda,0.317677017339985,0.23580401599812917,-0.14449885401634815,0.7798528886963181,TRUE,1.2422931447529049,NA,NA,NA,50,70,0.5
D,+ (1|temp): captures tau,0.1894824552675355,0.23908327842922764,-0.27912077045375067,0.6580856809888216,TRUE,1.2595693782417852,NA,NA,NA,50,70,0.5
E,+ interactions: lumps eps into residual,0.1894824552675355,0.2244251131083131,-0.25039076642475816,0.6293556769598292,TRUE,1.1823453402382451,NA,NA,0.2117217954152897,50,70,0.5
F,+ (1|item:variant:judge:temp): splits eps/rho,0.18948245526753538,0.22345519981071177,-0.24848973636145966,0.6274546468965304,TRUE,1.1772355178481788,0.038503912174843793,0.09779851329328834,NA,50,70,0.5
A,"1 obs/item, naive SE",0.2919141610210008,0.0879172459381455,0.11959635898223564,0.464231963059766,FALSE,0.46317697971428884,NA,NA,NA,50,71,0.5
B,+ (1|variant): captures phi,0.7203486223999872,0.1534025302849264,0.4196796630415315,1.0210175817584428,TRUE,0.8081750047981621,NA,NA,NA,50,71,0.5
C,+ (1|judge): captures lambda,0.5708716178657086,0.12099474070161287,0.3337219260905474,0.8080213096408698,TRUE,0.6374401058799671,NA,NA,NA,50,71,0.5
D,+ (1|temp): captures tau,0.464312524759851,0.1723333223697178,0.12653921291520415,0.8020858366044978,TRUE,0.9079086464502427,NA,NA,NA,50,71,0.5
E,+ interactions: lumps eps into residual,0.464312524759851,0.1561748295013195,0.1582098589372648,0.7704151905824372,TRUE,0.8227803892618275,NA,NA,0.21087266945687966,50,71,0.5
F,+ (1|item:variant:judge:temp): splits eps/rho,0.4643125247598509,0.15398230011389305,0.16250721653662054,0.7661178329830813,TRUE,0.811229423023446,0.037260218892754285,0.09855782562308571,NA,50,71,0.5
A,"1 obs/item, naive SE",1.0268188180625908,0.07722570447466716,0.8754564372922431,1.1781811988329385,FALSE,0.4068504213615848,NA,NA,NA,50,72,0.5
B,+ (1|variant): captures phi,0.8831622965467248,0.18966341668493764,0.5114219998442471,1.2549025932492026,FALSE,0.9992092855618756,NA,NA,NA,50,72,0.5
C,+ (1|judge): captures lambda,0.8866947608592401,0.24334985919768634,0.4097290368317749,1.3636604848867053,TRUE,1.2820471295971008,NA,NA,NA,50,72,0.5
D,+ (1|temp): captures tau,0.5910230857235528,0.24697707626410625,0.10694801624590455,1.0750981552012009,TRUE,1.3011565025951415,NA,NA,NA,50,72,0.5
E,+ interactions: lumps eps into residual,0.5910230857235528,0.23740510251749206,0.12570908478926834,1.0563370866578372,TRUE,1.2507281953551668,NA,NA,0.20883497200700793,50,72,0.5
F,+ (1|item:variant:judge:temp): splits eps/rho,0.5910230857235526,0.23651528310294737,0.12745313084177573,1.0545930406053294,TRUE,1.2460403338949715,0.04185334306133533,0.09764610042811814,NA,50,72,0.5
A,"1 obs/item, naive SE",1.042332676712484,0.09078103923436066,0.8644018398131372,1.220263513611831,FALSE,0.47826438509548325,NA,NA,NA,50,73,0.5
B,+ (1|variant): captures phi,0.7638611667257564,0.22004267216542314,0.33257752928152706,1.1951448041699857,TRUE,1.159257199361629,NA,NA,NA,50,73,0.5
C,+ (1|judge): captures lambda,0.8648550593162703,0.21354935340225015,0.44629832664786,1.2834117919846806,TRUE,1.1250482595688087,NA,NA,NA,50,73,0.5
D,+ (1|temp): captures tau,0.6750211860089558,0.292343500848726,0.10202792434545283,1.2480144476724586,TRUE,1.5401617545831734,NA,NA,NA,50,73,0.5
E,+ interactions: lumps eps into residual,0.6750211860089558,0.27515996477923427,0.1357076550416566,1.2143347169762548,TRUE,1.449633232533264,NA,NA,0.21713451833232017,50,73,0.5
F,+ (1|item:variant:judge:temp): splits eps/rho,0.6750211860089558,0.273937714140182,0.1381032662941991,1.2119391057237126,TRUE,1.4431940139998671,0.04135745187890194,0.10034629890339748,NA,50,73,0.5
A,"1 obs/item, naive SE",0.42645997178770073,0.06634241394795329,0.2964288404497123,0.5564911031256892,TRUE,0.34951366585103344,NA,NA,NA,50,74,0.5
B,+ (1|variant): captures phi,0.35851161786378855,0.09194053821139625,0.1783081629694519,0.5387150727581251,TRUE,0.48437300722569643,NA,NA,NA,50,74,0.5
C,+ (1|judge): captures lambda,0.3378417636140903,0.1956181729859112,-0.045569855438295614,0.7212533826664762,TRUE,1.0305809010963298,NA,NA,NA,50,74,0.5
D,+ (1|temp): captures tau,0.3957492852552331,0.19257417396901025,0.01830390427597306,0.7731946662344932,TRUE,1.0145441126840382,NA,NA,NA,50,74,0.5
E,+ interactions: lumps eps into residual,0.3957492852552331,0.186038902522652,0.031113036310835174,0.7603855341996311,TRUE,0.9801141523521724,NA,NA,0.2144390020013883,50,74,0.5
F,+ (1|item:variant:judge:temp): splits eps/rho,0.3957492852552332,0.1842658378598169,0.03458824304999203,0.7569103274604743,TRUE,0.9707730643027596,0.04175768987431242,0.09961563401006558,NA,50,74,0.5
A,"1 obs/item, naive SE",0.6976474627699712,0.09000132270106892,0.5212448702758762,0.8740500552640663,FALSE,0.47415658184175696,NA,NA,NA,50,75,0.5
B,+ (1|variant): captures phi,0.3321298408585092,0.14162176271858867,0.05455118593007541,0.609708495786943,TRUE,0.7461100449388489,NA,NA,NA,50,75,0.5
C,+ (1|judge): captures lambda,0.48188939872816083,0.15470633487970922,0.17866498236393075,0.7851138150923909,TRUE,0.8150438764046952,NA,NA,NA,50,75,0.5
D,+ (1|temp): captures tau,0.47945671503653103,0.19099211045155087,0.10511217855149135,0.8538012515215707,TRUE,1.0062092815150938,NA,NA,NA,50,75,0.5
E,+ interactions: lumps eps into residual,0.47945671503653103,0.17998062276761678,0.12669469441200215,0.83221873566106,TRUE,0.9481971411985741,NA,NA,0.21302452316472104,50,75,0.5
F,+ (1|item:variant:judge:temp): splits eps/rho,0.47945671503653103,0.17810458886602687,0.13037172085911836,0.8285417092139438,TRUE,0.9383135773186116,0.036446014809317945,0.10072495114238195,NA,50,75,0.5
A,"1 obs/item, naive SE",0.5481209281289836,0.07494152781429717,0.40123553361296116,0.6950063226450061,TRUE,0.39481662713390403,NA,NA,NA,50,76,0.5
B,+ (1|variant): captures phi,0.7100289742020957,0.10447373717724544,0.5052604493346946,0.9147974990694967,FALSE,0.5504020232761363,NA,NA,NA,50,76,0.5
C,+ (1|judge): captures lambda,0.7091036837650821,0.13142123871262815,0.451518055888331,0.9666893116418334,TRUE,0.6923703281157363,NA,NA,NA,50,76,0.5
D,+ (1|temp): captures tau,0.6565020109866574,0.16105109867533737,0.3408418575829961,0.9721621643903187,TRUE,0.8484701797482642,NA,NA,NA,50,76,0.5
E,+ interactions: lumps eps into residual,0.6565020109866574,0.15096929534975131,0.3606021921011448,0.9524018298721699,TRUE,0.7953559225329759,NA,NA,0.2199444407242067,50,76,0.5
F,+ (1|item:variant:judge:temp): splits eps/rho,0.6565020109866572,0.14926142395643965,0.36394962003203546,0.9490544019412789,TRUE,0.7863582940784737,0.042099139884806167,0.1003605167925318,NA,50,76,0.5
A,"1 obs/item, naive SE",1.3453814044658357,0.09710378473864428,1.1550579863780928,1.5357048225535785,FALSE,0.5115746888353954,NA,NA,NA,50,77,0.5
B,+ (1|variant): captures phi,1.1893168215579755,0.1204472265869298,0.9532402574475931,1.4253933856683578,FALSE,0.634555621370884,NA,NA,NA,50,77,0.5
C,+ (1|judge): captures lambda,0.8872631566333448,0.1890852661647855,0.5166560349503653,1.2578702783163243,FALSE,0.9961633983882405,NA,NA,NA,50,77,0.5
D,+ (1|temp): captures tau,0.7072686852128575,0.2174447204063441,0.281077033216423,1.133460337209292,TRUE,1.1455703346700274,NA,NA,NA,50,77,0.5
E,+ interactions: lumps eps into residual,0.7072686852128575,0.19164314543269334,0.3316481201647785,1.0828892502609364,TRUE,1.009639148010981,NA,NA,0.2212610215496845,50,77,0.5
F,+ (1|item:variant:judge:temp): splits eps/rho,0.7072686852128576,0.1896206471444021,0.33561221680982944,1.0789251536158857,TRUE,0.9989839615495316,0.03689270077902792,0.09930501435933699,NA,50,77,0.5
A,"1 obs/item, naive SE",0.3332420550970048,0.08496266808785519,0.16671522564480862,0.49976888454920093,FALSE,0.4476112914306612,NA,NA,NA,50,78,0.5
B,+ (1|variant): captures phi,0.37578996730784664,0.10186287231444471,0.176138737571535,0.5754411970441583,TRUE,0.5366471281052274,NA,NA,NA,50,78,0.5
C,+ (1|judge): captures lambda,0.3538789569298017,0.24651357435331608,-0.12928764880269783,0.8370455626623012,TRUE,1.298714622019371,NA,NA,NA,50,78,0.5
D,+ (1|temp): captures tau,0.39982110064318505,0.19759300112193212,0.012538818444198074,0.7871033828421721,TRUE,1.0409849455103293,NA,NA,NA,50,78,0.5
E,+ interactions: lumps eps into residual,0.39982110064318505,0.19115258885065506,0.025162026495901157,0.7744801747904689,TRUE,1.0070547345250616,NA,NA,0.21236518452063097,50,78,0.5
F,+ (1|item:variant:judge:temp): splits eps/rho,0.3998211006431852,0.18987084612464236,0.027674242238886204,0.7719679590474842,TRUE,1.0003020921024017,0.03952241017389255,0.10036778713310437,NA,50,78,0.5
A,"1 obs/item, naive SE",0.13373248915028832,0.07049865591047356,-0.004444876434239853,0.2719098547348165,FALSE,0.37141011607100877,NA,NA,NA,50,79,0.5
B,+ (1|variant): captures phi,-0.09232217472911955,0.20487721237967846,-0.49388151099328936,0.3092371615350502,FALSE,1.0793605671982227,NA,NA,NA,50,79,0.5
C,+ (1|judge): captures lambda,0.26805851514779466,0.29426477819184893,-0.3087004501082292,0.8448174804038185,TRUE,1.5502836757999419,NA,NA,NA,50,79,0.5
D,+ (1|temp): captures tau,0.5336431551626898,0.3067692739903646,-0.06762462185842477,1.1349109321838045,TRUE,1.6161614741204366,NA,NA,NA,50,79,0.5
E,+ interactions: lumps eps into residual,0.5336431551626898,0.30109312560395246,-0.056499371021057065,1.1237856813464366,TRUE,1.5862576567524749,NA,NA,0.2145938650431363,50,79,0.5
F,+ (1|item:variant:judge:temp): splits eps/rho,0.5336431551626898,0.2999649036256451,-0.054288055943574554,1.1215743662689541,TRUE,1.5803138121428821,0.04017488434711092,0.10086344796526035,NA,50,79,0.5
A,"1 obs/item, naive SE",0.7657862453345046,0.08662480640719532,0.5960016247764017,0.9355708658926074,FALSE,0.45636798300356357,NA,NA,NA,50,80,0.5
B,+ (1|variant): captures phi,0.5870496811832181,0.09778273504687887,0.39539552049133553,0.7787038418751007,TRUE,0.5151516224596064,NA,NA,NA,50,80,0.5
C,+ (1|judge): captures lambda,0.5930738711337559,0.21305001324752357,0.17549584516860967,1.010651897098902,TRUE,1.1224175713318383,NA,NA,NA,50,80,0.5
D,+ (1|temp): captures tau,0.4363877982065677,0.1740456551101295,0.09525831419071384,0.7775172822224216,TRUE,0.9169297787492207,NA,NA,NA,50,80,0.5
E,+ interactions: lumps eps into residual,0.4363877982065677,0.15712182148984297,0.1284290280864755,0.7443465683266599,TRUE,0.8277694546536908,NA,NA,0.22741763400479134,50,80,0.5
F,+ (1|item:variant:judge:temp): splits eps/rho,0.43638779820656776,0.15467464224994323,0.13322549939667905,0.7395500970164565,TRUE,0.8148769092030095,0.041501227361864235,0.09877343905638858,NA,50,80,0.5
A,"1 obs/item, naive SE",0.4730394564554053,0.07253760921346875,0.33086574239700656,0.615213170513804,TRUE,0.3821519929642433,NA,NA,NA,50,81,0.5
B,+ (1|variant): captures phi,0.2054386898995014,0.13972483325731366,-0.06842198328483337,0.47929936308383614,FALSE,0.7361163963750329,NA,NA,NA,50,81,0.5
C,+ (1|judge): captures lambda,0.39436980067526783,0.13136884129830662,0.1368868717305869,0.6518527296199488,TRUE,0.6920942812963515,NA,NA,NA,50,81,0.5
D,+ (1|temp): captures tau,0.38206197209118625,0.14001542048161164,0.10763174794722746,0.6564921962351451,TRUE,0.7376473054868651,NA,NA,NA,50,81,0.5
E,+ interactions: lumps eps into residual,0.38206197209118625,0.13086103582993186,0.12557434186451982,0.6385496023178527,TRUE,0.6894189950016728,NA,NA,0.20859100753492982,50,81,0.5
F,+ (1|item:variant:judge:temp): splits eps/rho,0.3820619720911862,0.12901923671781648,0.12918426812426592,0.6349396760581065,TRUE,0.6797157912572079,0.0389712580550643,0.101417891643885,NA,50,81,0.5
A,"1 obs/item, naive SE",0.09749988751282455,0.07159629960845983,-0.04282885971975671,0.23782863474540583,FALSE,0.37719286423845466,NA,NA,NA,50,82,0.5
B,+ (1|variant): captures phi,0.25833008497368476,0.19092947976296326,-0.11589169536172322,0.6325518653090927,TRUE,1.0058793224397398,NA,NA,NA,50,82,0.5
C,+ (1|judge): captures lambda,0.2677723535376649,0.18478886088386332,-0.0944138137947072,0.6299585208700369,TRUE,0.9735285216878702,NA,NA,NA,50,82,0.5
D,+ (1|temp): captures tau,0.5383964548918152,0.22111059961357798,0.10501967964920234,0.9717732301344281,TRUE,1.1648833925471884,NA,NA,NA,50,82,0.5
E,+ interactions: lumps eps into residual,0.5383964548918152,0.20757345569417876,0.13155248173122486,0.9452404280524056,TRUE,1.0935652641454374,NA,NA,0.21370071728795645,50,82,0.5
F,+ (1|item:variant:judge:temp): splits eps/rho,0.5383964548918155,0.2058864937177309,0.13485892720506298,0.9419339825785681,TRUE,1.0846777933789657,0.038042700280357764,0.09906544362503568,NA,50,82,0.5
A,"1 obs/item, naive SE",1.145225970700855,0.08313464084664461,0.9822820746414316,1.3081698667602784,FALSE,0.4379806424335912,NA,NA,NA,50,83,0.5
B,+ (1|variant): captures phi,0.9983724174223986,0.18885353916937286,0.6282194806504278,1.3685253541943694,FALSE,0.9949425843294266,NA,NA,NA,50,83,0.5
C,+ (1|judge): captures lambda,0.9292797010919795,0.13395681584618224,0.6667243420334623,1.1918350601504968,FALSE,0.7057285827564522,NA,NA,NA,50,83,0.5
D,+ (1|temp): captures tau,0.7677114797366866,0.17202817490700523,0.4305362569189564,1.104886702554417,TRUE,0.9063010292115712,NA,NA,NA,50,83,0.5
E,+ interactions: lumps eps into residual,0.7677114797366866,0.15212461837350397,0.4695472277246189,1.0658757317487544,TRUE,0.8014425443672474,NA,NA,0.21266347016757173,50,83,0.5
F,+ (1|item:variant:judge:temp): splits eps/rho,0.7677114797366865,0.1507170459891979,0.4723060695978586,1.0631168898755146,TRUE,0.7940269899019631,0.0419623718927316,0.1004645884428001,NA,50,83,0.5
A,"1 obs/item, naive SE",-0.04186267835880898,0.0971375152934973,-0.23225220833406368,0.14852685161644574,FALSE,0.5117523924969944,NA,NA,NA,50,84,0.5
B,+ (1|variant): captures phi,0.012114732214490912,0.1435373356166423,-0.26921844559412805,0.2934479100231098,FALSE,0.7562019132620134,NA,NA,NA,50,84,0.5
C,+ (1|judge): captures lambda,0.3424449456909809,0.22076008997395472,-0.09024483065797034,0.7751347220399321,TRUE,1.1630367924346727,NA,NA,NA,50,84,0.5
D,+ (1|temp): captures tau,0.5180410671545005,0.2608549353000897,0.006765393966324695,1.0293167403426762,TRUE,1.3742696303392685,NA,NA,NA,50,84,0.5
E,+ interactions: lumps eps into residual,0.5180410671545005,0.25106989502876953,0.025944072898112236,1.0101380614108888,TRUE,1.322718818540166,NA,NA,0.22736000389357142,50,84,0.5
F,+ (1|item:variant:judge:temp): splits eps/rho,0.5180410671545005,0.2494656002987793,0.029088490568893066,1.006993643740108,TRUE,1.314266866028696,0.04019967166697215,0.09936977710990189,NA,50,84,0.5
A,"1 obs/item, naive SE",0.33475381957360195,0.0979335205959332,0.14280411920557287,0.526703519941631,TRUE,0.5159460103461956,NA,NA,NA,50,85,0.5
B,+ (1|variant): captures phi,0.3678919946247331,0.09920903443175025,0.17344228713850263,0.5623417021109636,TRUE,0.5226658369257632,NA,NA,NA,50,85,0.5
C,+ (1|judge): captures lambda,0.46416938385545875,0.10360547988508616,0.2611026432806899,0.6672361244302276,TRUE,0.5458277581714243,NA,NA,NA,50,85,0.5
D,+ (1|temp): captures tau,0.41700696594196957,0.17757885769719903,0.0689524048554595,0.7650615270284796,TRUE,0.9355438525357099,NA,NA,NA,50,85,0.5
E,+ interactions: lumps eps into residual,0.41700696594196957,0.16374359521869358,0.09606951931333013,0.7379444125706089,TRUE,0.8626551374722619,NA,NA,0.21616751496988393,50,85,0.5
F,+ (1|item:variant:judge:temp): splits eps/rho,0.41700696594196957,0.16153902240141207,0.1003904820352019,0.7336234498487373,TRUE,0.8510407224826582,0.036756558013099315,0.09815624264531037,NA,50,85,0.5
A,"1 obs/item, naive SE",1.1812952230245297,0.06856594763973319,1.0469059656506527,1.3156844803984067,FALSE,0.3612279729663423,NA,NA,NA,50,86,0.5
B,+ (1|variant): captures phi,1.1176943667731962,0.12130056555834932,0.8799452582788315,1.3554434752675608,FALSE,0.6390512918532449,NA,NA,NA,50,86,0.5
C,+ (1|judge): captures lambda,0.7923794479125487,0.2040437570293337,0.3924536841350546,1.1923052116900428,TRUE,1.07496965017415,NA,NA,NA,50,86,0.5
D,+ (1|temp): captures tau,0.5406080258168974,0.2475006953978074,0.05550666283719491,1.0257093887965998,TRUE,1.303915100482056,NA,NA,NA,50,86,0.5
E,+ interactions: lumps eps into residual,0.5406080258168974,0.24271778567594532,0.06488116589204457,1.0163348857417502,TRUE,1.2787171583083807,NA,NA,0.21005058428620882,50,86,0.5
F,+ (1|item:variant:judge:temp): splits eps/rho,0.5406080258168974,0.24138767318690044,0.06748818637057252,1.0137278652632222,TRUE,1.2717096880585788,0.039708707500175876,0.0982576233592682,NA,50,86,0.5
A,"1 obs/item, naive SE",0.05818945418329666,0.0815630630987436,-0.10167414949024081,0.21805305785683413,FALSE,0.42970105374889667,NA,NA,NA,50,87,0.5
B,+ (1|variant): captures phi,0.1925578894168864,0.08550512517494935,0.024967844073985668,0.3601479347597871,FALSE,0.45046913385445203,NA,NA,NA,50,87,0.5
C,+ (1|judge): captures lambda,0.16016078269821998,0.09882484728202202,-0.03353591797454317,0.3538574833709831,FALSE,0.520641812608835,NA,NA,NA,50,87,0.5
D,+ (1|temp): captures tau,0.40288084212440833,0.1934673188561831,0.023684897166289465,0.7820767870825271,TRUE,1.0192494938282455,NA,NA,NA,50,87,0.5
E,+ interactions: lumps eps into residual,0.40288084212440833,0.18889930216771075,0.03263820987569527,0.7731234743731215,TRUE,0.9951836788624346,NA,NA,0.21192983515481403,50,87,0.5
F,+ (1|item:variant:judge:temp): splits eps/rho,0.4028808421244083,0.18707511320157297,0.036213620249325285,0.7695480639994913,TRUE,0.9855732511613864,0.03786877274661931,0.1022577891215185,NA,50,87,0.5
A,"1 obs/item, naive SE",0.6618873873602912,0.08054761337362633,0.5040140651479836,0.8197607095725987,FALSE,0.4243513304754626,NA,NA,NA,50,88,0.5
B,+ (1|variant): captures phi,0.44637132158797976,0.13075494203572124,0.19009163519796612,0.7026510079779934,TRUE,0.6888600579848846,NA,NA,NA,50,88,0.5
C,+ (1|judge): captures lambda,0.593204335897169,0.19984308812685456,0.20151188316853413,0.984896788625804,TRUE,1.0528391442163212,NA,NA,NA,50,88,0.5
D,+ (1|temp): captures tau,0.6298910401459735,0.21904976673100143,0.2005534973532107,1.0592285829387365,TRUE,1.1540262468295068,NA,NA,NA,50,88,0.5
E,+ interactions: lumps eps into residual,0.6298910401459735,0.20904538865852093,0.22016207837527252,1.0396200019166746,TRUE,1.1013198913234266,NA,NA,0.20366542407850055,50,88,0.5
F,+ (1|item:variant:judge:temp): splits eps/rho,0.6298910401459735,0.20762435046679184,0.22294731323106154,1.0368347670608855,TRUE,1.0938333945538758,0.039597075456422104,0.09866775098260498,NA,50,88,0.5
A,"1 obs/item, naive SE",0.684632995079617,0.08407937793733915,0.5198374143224322,0.8494285758368016,FALSE,0.44295782828174457,NA,NA,NA,50,89,0.5
B,+ (1|variant): captures phi,0.788421998515188,0.18807090142291724,0.4198030317262702,1.1570409653041058,TRUE,0.990819391163563,NA,NA,NA,50,89,0.5
C,+ (1|judge): captures lambda,0.652709097120398,0.15515314896783153,0.34860892514344827,0.9568092690973478,TRUE,0.8173978400397242,NA,NA,NA,50,89,0.5
D,+ (1|temp): captures tau,0.6023060022028154,0.24323686094103272,0.12556175475839126,1.0790502496472394,TRUE,1.2814518176003327,NA,NA,NA,50,89,0.5
E,+ interactions: lumps eps into residual,0.6023060022028154,0.23414652756710788,0.14337880817128396,1.0612331962343469,TRUE,1.2335609503216558,NA,NA,0.22319740288406809,50,89,0.5
F,+ (1|item:variant:judge:temp): splits eps/rho,0.6023060022028154,0.23254236020427174,0.14652297620244276,1.058089028203188,TRUE,1.2251096688222622,0.03910144480457781,0.09948724096699664,NA,50,89,0.5
A,"1 obs/item, naive SE",0.34681337189051414,0.08389354594379697,0.1823820218406721,0.5112447219403562,TRUE,0.44197880419398244,NA,NA,NA,50,90,0.5
B,+ (1|variant): captures phi,0.20629467579531208,0.15386486145938505,-0.09528045266508262,0.5078698042557068,TRUE,0.8106107175497214,NA,NA,NA,50,90,0.5
C,+ (1|judge): captures lambda,0.08264541282315756,0.18966713554731515,-0.2891021728495801,0.45439299849589526,FALSE,0.9992288777525272,NA,NA,NA,50,90,0.5
D,+ (1|temp): captures tau,0.3183661212407566,0.22313462548973156,-0.11897774471911726,0.7557099872006304,TRUE,1.1755466268441312,NA,NA,NA,50,90,0.5
E,+ interactions: lumps eps into residual,0.3183661212407566,0.21048746441104582,-0.0941893090048932,0.7309215514864064,TRUE,1.1089172208854061,NA,NA,0.20711765782082325,50,90,0.5
F,+ (1|item:variant:judge:temp): splits eps/rho,0.3183661212407566,0.20896666695260227,-0.09120854598634387,0.727940788467857,TRUE,1.1009051594742167,0.037166335995803934,0.09986360126329615,NA,50,90,0.5
A,"1 obs/item, naive SE",0.6828227056403343,0.08669643187560862,0.5128976991641414,0.8527477121165272,FALSE,0.4567453295386636,NA,NA,NA,50,91,0.5
B,+ (1|variant): captures phi,0.7614398941672025,0.1188679783429727,0.528458656614976,0.9944211317194289,FALSE,0.6262356219890814,NA,NA,NA,50,91,0.5
C,+ (1|judge): captures lambda,0.641415024320181,0.17692552272449225,0.29464099978017627,0.9881890488601859,TRUE,0.9321018689274775,NA,NA,NA,50,91,0.5
D,+ (1|temp): captures tau,0.7228462469140069,0.26147918391564073,0.2103470464393511,1.2353454473886627,TRUE,1.3775583774474887,NA,NA,NA,50,91,0.5
E,+ interactions: lumps eps into residual,0.7228462469140069,0.24897615110044125,0.23485299075714205,1.2108395030708716,TRUE,1.3116882866044803,NA,NA,0.2236856228364669,50,91,0.5
F,+ (1|item:variant:judge:temp): splits eps/rho,0.722846246914007,0.2474371876446088,0.23786935913057372,1.2078231346974402,TRUE,1.3035805207417437,0.037870076869620586,0.10186847480676411,NA,50,91,0.5
A,"1 obs/item, naive SE",0.09355297931509154,0.07907038154652754,-0.061424968516102435,0.24853092714628552,FALSE,0.41656878714494444,NA,NA,NA,50,92,0.5
B,+ (1|variant): captures phi,0.09938691830830869,0.153327594505898,-0.2011351669232514,0.3999090035398688,FALSE,0.8077802184575239,NA,NA,NA,50,92,0.5
C,+ (1|judge): captures lambda,-0.06297364919103145,0.1204591674542422,-0.2990736174013462,0.17312631901928327,FALSE,0.6346185297888843,NA,NA,NA,50,92,0.5
D,+ (1|temp): captures tau,0.3842223302339062,0.2404774447836308,-0.08711346154201022,0.8555581220098225,TRUE,1.2669143053304484,NA,NA,NA,50,92,0.5
E,+ interactions: lumps eps into residual,0.3842223302339062,0.232515157952785,-0.07150737935355239,0.8399520398213647,TRUE,1.2249663584108565,NA,NA,0.21474765303932772,50,92,0.5
F,+ (1|item:variant:judge:temp): splits eps/rho,0.3842223302339061,0.23207005968097566,-0.07063498674080615,0.8390796472086184,TRUE,1.222621434260733,0.04037798271463247,0.10094200650703126,NA,50,92,0.5
A,"1 obs/item, naive SE",0.06192091986899157,0.07437513787346972,-0.08385435036300909,0.20769619010099222,FALSE,0.3918326985618287,NA,NA,NA,50,93,0.5
B,+ (1|variant): captures phi,0.191345289969535,0.07960220229440736,0.03532497347249661,0.34736560646657344,FALSE,0.41937059383399466,NA,NA,NA,50,93,0.5
C,+ (1|judge): captures lambda,0.471068486410677,0.17471375142518683,0.12862953361731083,0.8135074392040431,TRUE,0.9204495299659979,NA,NA,NA,50,93,0.5
D,+ (1|temp): captures tau,0.3786687772488702,0.1616464690874388,0.06184169783749016,0.6954958566602503,TRUE,0.8516067869786864,NA,NA,NA,50,93,0.5
E,+ interactions: lumps eps into residual,0.3786687772488702,0.12765811805343488,0.12845886586413785,0.6288786886336026,TRUE,0.6725449702735232,NA,NA,0.2175740764901273,50,93,0.5
F,+ (1|item:variant:judge:temp): splits eps/rho,0.3786687772488702,0.12558199092894223,0.13252807502814345,0.624809479469597,TRUE,0.6616072494570413,0.03880557598872295,0.10108536025076482,NA,50,93,0.5
A,"1 obs/item, naive SE",0.8457627720917893,0.07875655457985359,0.6913999251152763,1.0001256190683023,FALSE,0.414915443423518,NA,NA,NA,50,94,0.5
B,+ (1|variant): captures phi,0.7161097352573679,0.08708729635628418,0.5454186343990509,0.8868008361156848,FALSE,0.4588045322321177,NA,NA,NA,50,94,0.5
C,+ (1|judge): captures lambda,0.8280922578134207,0.24537054173220876,0.3471659960182915,1.3090185196085498,TRUE,1.2926927500702443,NA,NA,NA,50,94,0.5
D,+ (1|temp): captures tau,0.8031564937166945,0.22385627648399833,0.36439819180805777,1.2419147956253314,TRUE,1.1793485217325068,NA,NA,NA,50,94,0.5
E,+ interactions: lumps eps into residual,0.8031564937166945,0.2106163135008619,0.3903485192550052,1.2159644681783839,TRUE,1.1095960402868001,NA,NA,0.21049320277766076,50,94,0.5
F,+ (1|item:variant:judge:temp): splits eps/rho,0.8031564937166946,0.20903529601515847,0.39344731352698403,1.2128656739064052,TRUE,1.1012667199573303,0.03740873918343994,0.09985127359243064,NA,50,94,0.5
A,"1 obs/item, naive SE",0.7340877372148059,0.07904998401524813,0.5791497685449196,0.8890257058846922,FALSE,0.4164613262386022,NA,NA,NA,50,95,0.5
B,+ (1|variant): captures phi,0.9570390509029116,0.09593362229734316,0.769009151200119,1.1450689506057041,FALSE,0.5054098880667467,NA,NA,NA,50,95,0.5
C,+ (1|judge): captures lambda,0.7797979057192629,0.20218754864066155,0.38351031038356626,1.1760855010549596,TRUE,1.0651905336195848,NA,NA,NA,50,95,0.5
D,+ (1|temp): captures tau,0.43150213869668225,0.25846085054188594,-0.0750811283654142,0.9380854057587786,TRUE,1.3616568040882622,NA,NA,NA,50,95,0.5
E,+ interactions: lumps eps into residual,0.43150213869668225,0.2499165168983057,-0.058334234423996933,0.9213385118173614,TRUE,1.3166424430436838,NA,NA,0.21937661498757102,50,95,0.5
F,+ (1|item:variant:judge:temp): splits eps/rho,0.43150213869668225,0.2484372060863931,-0.05543478523264822,0.9184390626260127,TRUE,1.3088489469371014,0.03881917338033741,0.10097497843097814,NA,50,95,0.5
A,"1 obs/item, naive SE",0.5293183442205195,0.09027550747588005,0.35237834956779457,0.7062583388732444,TRUE,0.4756010774526637,NA,NA,NA,50,96,0.5
B,+ (1|variant): captures phi,0.10578578295869383,0.1652347330218216,-0.2180742937640765,0.4296458596814642,FALSE,0.870510942060096,NA,NA,NA,50,96,0.5
C,+ (1|judge): captures lambda,0.3412889765731224,0.2199651011410179,-0.08984262166327267,0.7724205748095174,TRUE,1.1588485296812496,NA,NA,NA,50,96,0.5
D,+ (1|temp): captures tau,0.3060588485547814,0.21669404149536456,-0.11866147277613315,0.7307791698856959,TRUE,1.1416155111651223,NA,NA,NA,50,96,0.5
E,+ interactions: lumps eps into residual,0.3060588485547814,0.19697905206878535,-0.08002009350003791,0.6921377906096007,TRUE,1.0377504598858018,NA,NA,0.22114856241921538,50,96,0.5
F,+ (1|item:variant:judge:temp): splits eps/rho,0.3060588485547814,0.19517665533960218,-0.07648739591083892,0.6886050930204017,TRUE,1.0282548408595038,0.04162368286487717,0.09905785591983286,NA,50,96,0.5
A,"1 obs/item, naive SE",0.5139517053287048,0.08114376028681419,0.354909935166549,0.6729934754908606,TRUE,0.42749202856910645,NA,NA,NA,50,97,0.5
B,+ (1|variant): captures phi,0.6200193120923304,0.1257920437522226,0.3734669063379741,0.8665717178466867,TRUE,0.6627138768454369,NA,NA,NA,50,97,0.5
C,+ (1|judge): captures lambda,0.7161830947211769,0.14142737763669275,0.4389854345532591,0.9933807548890947,TRUE,0.7450859603673484,NA,NA,NA,50,97,0.5
D,+ (1|temp): captures tau,0.5132409220091817,0.16823848814415815,0.18349348524663173,0.8429883587717317,TRUE,0.8863357123940531,NA,NA,NA,50,97,0.5
E,+ interactions: lumps eps into residual,0.5132409220091817,0.15433951722455114,0.21073546824906148,0.815746375769302,TRUE,0.8131113603003858,NA,NA,0.21965139483889684,50,97,0.5
F,+ (1|item:variant:judge:temp): splits eps/rho,0.5132409220091818,0.1525846108758821,0.2141750846924529,0.8123067593259108,TRUE,0.8038659362247746,0.03940886836400133,0.09992289224847824,NA,50,97,0.5
A,"1 obs/item, naive SE",1.3466089217620405,0.08264510966015619,1.1846245068281345,1.5085933366959465,FALSE,0.43540163106882224,NA,NA,NA,50,98,0.5
B,+ (1|variant): captures phi,1.044025513563711,0.18849576574638624,0.6745738127007941,1.413477214426628,FALSE,0.9930577162160923,NA,NA,NA,50,98,0.5
C,+ (1|judge): captures lambda,1.0008289443615113,0.1597039271028178,0.6878092472399884,1.3138486414830342,FALSE,0.8413728366336316,NA,NA,NA,50,98,0.5
D,+ (1|temp): captures tau,0.6915841049040253,0.21177927624539097,0.27649672346305904,1.1066714863449916,TRUE,1.11572291068388,NA,NA,NA,50,98,0.5
E,+ interactions: lumps eps into residual,0.6915841049040253,0.20472783827951643,0.29031754187617315,1.0928506679318775,TRUE,1.0785736152888186,NA,NA,0.21116477179884133,50,98,0.5
F,+ (1|item:variant:judge:temp): splits eps/rho,0.6915841049040258,0.20383093969647423,0.2920754630989363,1.0910927467091152,TRUE,1.073848458439663,0.039998720203091295,0.1011736379483251,NA,50,98,0.5
A,"1 obs/item, naive SE",0.40470379310407606,0.09198337404508505,0.22441637997570935,0.5849912062324427,TRUE,0.4845986804921848,NA,NA,NA,50,99,0.5
B,+ (1|variant): captures phi,0.7069503951758684,0.1714440061206248,0.37092014317944383,1.042980647172293,TRUE,0.9032234358312075,NA,NA,NA,50,99,0.5
C,+ (1|judge): captures lambda,0.7252225739710629,0.17490096891431134,0.3824166748990127,1.068028473043113,TRUE,0.9214358533003684,NA,NA,NA,50,99,0.5
D,+ (1|temp): captures tau,0.7041874641159243,0.2345661354544769,0.2444378386251495,1.163937089606699,TRUE,1.2357715827392435,NA,NA,NA,50,99,0.5
E,+ interactions: lumps eps into residual,0.7041874641159243,0.224572189240276,0.26402597320498333,1.144348955026865,TRUE,1.1831201856950575,NA,NA,0.2124009076986428,50,99,0.5
F,+ (1|item:variant:judge:temp): splits eps/rho,0.7041874641159244,0.22301286681828172,0.26708224515209217,1.1412926830797565,TRUE,1.1749051620997073,0.03831635824768318,0.10012229030598628,NA,50,99,0.5
A,"1 obs/item, naive SE",0.9088311003357462,0.07182128932940861,0.7680613732501054,1.049600827421387,FALSE,0.3783781841185739,NA,NA,NA,50,100,0.5
B,+ (1|variant): captures phi,0.5722555995540126,0.1666672374978774,0.24558781405817293,0.8989233850498524,TRUE,0.878057846988323,NA,NA,NA,50,100,0.5
C,+ (1|judge): captures lambda,0.5127374489550727,0.18035632924167347,0.15923904364139269,0.8662358542687527,TRUE,0.9501764865256003,NA,NA,NA,50,100,0.5
D,+ (1|temp): captures tau,0.575208743656169,0.23166998360309818,0.12113557579409662,1.0292819115182414,TRUE,1.220513701842254,NA,NA,NA,50,100,0.5
E,+ interactions: lumps eps into residual,0.575208743656169,0.22096529602271409,0.14211676345164942,1.0083007238606887,TRUE,1.1641178854201188,NA,NA,0.21576860051466287,50,100,0.5
F,+ (1|item:variant:judge:temp): splits eps/rho,0.575208743656169,0.21938666052979533,0.14521088901777018,1.005206598294568,TRUE,1.1558011142124047,0.042182558048576284,0.09758561983334983,NA,50,100,0.5
